routine_idx,elapsed_min,numer,denom,routine_start,rate
489,27.933333333333334,0,1,2026-05-16 16:41:45.788000+00:00,0.0
490,34.15,0,2,2026-05-16 17:14:41.754000+00:00,0.0
491,27.316666666666666,0,3,2026-05-16 17:41:44.300000+00:00,0.0
493,32.083333333333336,0,1,2026-05-16 18:41:17.117000+00:00,0.0
494,32.916666666666664,0,3,2026-05-16 19:13:45.880000+00:00,0.0
495,30.65,0,1,2026-05-16 19:44:12.584000+00:00,0.0
496,26.55,0,2,2026-05-16 20:12:25.140000+00:00,0.0
497,25.183333333333334,0,1,2026-05-16 20:44:14.755000+00:00,0.0
498,31.883333333333333,0,3,2026-05-16 21:10:46.417000+00:00,0.0
499,30.016666666666666,0,2,2026-05-16 21:38:19.731000+00:00,0.0
500,30.25,1,4,2026-05-16 22:08:09.314000+00:00,0.25
501,27.333333333333332,0,2,2026-05-16 22:36:29.727000+00:00,0.0
503,29.616666666666667,0,1,2026-05-16 23:38:37.447000+00:00,0.0
504,30.483333333333334,0,6,2026-05-17 00:09:31.384000+00:00,0.0
505,72.8,0,4,2026-05-17 01:21:54.528000+00:00,0.0
506,62.96666666666667,1,1,2026-05-17 02:34:30.202000+00:00,1.0
507,85.85,0,3,2026-05-17 03:50:04.332000+00:00,0.0
508,92.63333333333334,1,5,2026-05-17 05:24:06.848000+00:00,0.2
510,64.18333333333334,0,2,2026-05-17 07:42:35.868000+00:00,0.0
511,54.75,0,1,2026-05-17 08:39:39.398000+00:00,0.0
512,49.1,0,3,2026-05-17 09:27:02.271000+00:00,0.0
513,42.233333333333334,0,2,2026-05-17 10:08:09.368000+00:00,0.0
514,39.416666666666664,0,2,2026-05-17 10:49:46.368000+00:00,0.0
515,29.1,0,1,2026-05-17 11:15:53.939000+00:00,0.0
518,32.43333333333333,0,1,2026-05-17 12:41:32.719000+00:00,0.0
519,32.733333333333334,0,1,2026-05-17 13:13:03.243000+00:00,0.0
522,35.43333333333333,0,2,2026-05-17 15:12:06.661000+00:00,0.0
524,27.85,0,2,2026-05-17 16:11:12.625000+00:00,0.0
525,28.85,0,2,2026-05-17 16:46:04.761000+00:00,0.0
526,32.5,0,2,2026-05-17 17:10:59.050000+00:00,0.0
527,27.833333333333332,0,1,2026-05-17 17:40:42.276000+00:00,0.0
528,30.3,0,2,2026-05-17 18:10:02.648000+00:00,0.0
530,31.85,0,2,2026-05-17 19:14:28.906000+00:00,0.0
531,32.95,1,5,2026-05-17 19:47:51.300000+00:00,0.2
532,26.216666666666665,0,1,2026-05-17 20:15:53.054000+00:00,0.0
533,23.316666666666666,0,1,2026-05-17 20:35:55.045000+00:00,0.0
534,33.81666666666667,1,2,2026-05-17 21:08:34.802000+00:00,0.5
536,31.233333333333334,0,1,2026-05-17 22:08:44.420000+00:00,0.0
537,28.383333333333333,1,3,2026-05-17 22:36:22.502000+00:00,0.3333333333333333
538,32.333333333333336,0,1,2026-05-17 23:09:36.613000+00:00,0.0
539,29.916666666666668,0,2,2026-05-17 23:42:37.054000+00:00,0.0
540,30.516666666666666,0,2,2026-05-18 00:09:39.894000+00:00,0.0
541,71.96666666666667,1,4,2026-05-18 01:21:15.296000+00:00,0.25
542,62.61666666666667,0,1,2026-05-18 02:23:23.692000+00:00,0.0
543,85.65,0,4,2026-05-18 03:50:03.680000+00:00,0.0
544,98.13333333333334,0,4,2026-05-18 05:27:40.164000+00:00,0.0
546,94.65,0,1,2026-05-18 08:28:19.648000+00:00,0.0
550,78.98333333333333,0,4,2026-05-18 14:10:52.653000+00:00,0.0
551,81.88333333333334,0,3,2026-05-18 15:29:05.856000+00:00,0.0
554,45.35,0,1,2026-05-18 18:25:15.598000+00:00,0.0
555,45.06666666666667,1,1,2026-05-18 19:11:13.213000+00:00,1.0
556,47.2,0,3,2026-05-18 19:57:47.111000+00:00,0.0
557,39.766666666666666,0,1,2026-05-18 20:36:30.262000+00:00,0.0
559,32.63333333333333,0,4,2026-05-18 21:50:11.233000+00:00,0.0
560,26.966666666666665,0,3,2026-05-18 22:12:40.658000+00:00,0.0
561,25.316666666666666,0,3,2026-05-18 22:38:57.299000+00:00,0.0
563,29.683333333333334,0,1,2026-05-18 23:42:17.506000+00:00,0.0
564,31.166666666666668,0,3,2026-05-19 00:13:24.876000+00:00,0.0
565,69.35,0,2,2026-05-19 01:26:45.890000+00:00,0.0
566,62.15,0,3,2026-05-19 02:23:34.135000+00:00,0.0
567,85.73333333333333,0,1,2026-05-19 03:50:19.589000+00:00,0.0
569,84.75,0,2,2026-05-19 06:50:50.060000+00:00,0.0
571,76.6,0,1,2026-05-19 09:31:57.744000+00:00,0.0
572,76.45,0,3,2026-05-19 10:51:15.591000+00:00,0.0
573,64.53333333333333,1,3,2026-05-19 11:52:50.742000+00:00,0.3333333333333333
574,77.25,1,2,2026-05-19 13:09:25.558000+00:00,0.5
575,63.45,0,1,2026-05-19 14:14:35.277000+00:00,0.0
576,74.73333333333333,0,1,2026-05-19 15:28:41.547000+00:00,0.0
577,70.56666666666666,0,1,2026-05-19 16:38:28.186000+00:00,0.0
579,44.233333333333334,0,2,2026-05-19 18:27:14.988000+00:00,0.0
580,50.6,0,1,2026-05-19 19:18:18.629000+00:00,0.0
582,44.916666666666664,0,2,2026-05-19 20:48:16.387000+00:00,0.0
583,31.233333333333334,0,1,2026-05-19 21:18:05.739000+00:00,0.0
584,35.21666666666667,0,2,2026-05-19 21:52:28.411000+00:00,0.0
585,38.56666666666667,0,1,2026-05-19 22:31:17.847000+00:00,0.0
586,25.716666666666665,0,3,2026-05-19 22:59:48.042000+00:00,0.0
589,53.43333333333333,0,1,2026-05-20 00:52:55.213000+00:00,0.0
590,45.766666666666666,0,1,2026-05-20 01:43:24.226000+00:00,0.0
591,57.833333333333336,1,1,2026-05-20 02:30:12.927000+00:00,1.0
592,81.83333333333333,0,1,2026-05-20 03:56:04.660000+00:00,0.0
595,83.93333333333334,0,1,2026-05-20 08:16:23.621000+00:00,0.0
596,74.96666666666667,0,1,2026-05-20 09:35:45.653000+00:00,0.0
597,67.25,0,2,2026-05-20 10:37:51.462000+00:00,0.0
598,68.1,0,1,2026-05-20 11:49:24.823000+00:00,0.0
599,55.43333333333333,1,1,2026-05-20 12:43:28.316000+00:00,1.0
600,62.516666666666666,0,2,2026-05-20 13:43:13.182000+00:00,0.0
601,62.25,0,2,2026-05-20 14:45:35.651000+00:00,0.0
603,45.03333333333333,0,2,2026-05-20 22:09:00.841000+00:00,0.0
604,39.1,0,2,2026-05-20 22:48:29.313000+00:00,0.0
605,28.983333333333334,0,1,2026-05-20 23:17:57.779000+00:00,0.0
606,31.233333333333334,0,2,2026-05-20 23:51:14.336000+00:00,0.0
608,67.88333333333334,1,4,2026-05-21 01:27:26.145000+00:00,0.25
609,57.46666666666667,0,1,2026-05-21 02:22:33.691000+00:00,0.0
610,86.95,0,2,2026-05-21 03:52:15.645000+00:00,0.0
611,88.35,0,2,2026-05-21 05:20:36.355000+00:00,0.0
612,83.46666666666667,1,1,2026-05-21 06:44:38.718000+00:00,1.0
613,86.2,1,3,2026-05-21 08:07:54.786000+00:00,0.3333333333333333
614,81.95,1,1,2026-05-21 09:29:59.650000+00:00,1.0
932,29.083333333333332,0,1,2026-06-02 00:09:03.188000+00:00,0.0
943,106.16666666666667,0,1,2026-06-02 17:03:16.668000+00:00,0.0
948,47.166666666666664,0,1,2026-06-02 22:51:42.115000+00:00,0.0
978,74.03333333333333,0,1,2026-06-04 15:14:50.515000+00:00,0.0
1019,80.91666666666667,0,1,2026-06-06 05:09:56.163000+00:00,0.0
1040,35.583333333333336,1,1,2026-06-06 19:54:10.621000+00:00,1.0
1041,37.21666666666667,0,1,2026-06-06 20:31:42+00:00,0.0
1042,25.9,0,2,2026-06-06 20:58:31.137000+00:00,0.0
1043,32.03333333333333,0,1,2026-06-06 21:29:41.824000+00:00,0.0
1044,27.4,0,2,2026-06-06 21:56:31.913000+00:00,0.0
1046,27.3,0,1,2026-06-06 22:56:00.132000+00:00,0.0
1049,39.63333333333333,0,2,2026-06-07 00:37:21.418000+00:00,0.0
1050,62.733333333333334,0,2,2026-06-07 01:38:38.080000+00:00,0.0
1051,67.75,0,3,2026-06-07 02:50:23.488000+00:00,0.0
1052,87.93333333333334,0,1,2026-06-07 04:17:31.261000+00:00,0.0
1054,89.96666666666667,0,1,2026-06-07 07:26:02.688000+00:00,0.0
1055,73.43333333333334,0,2,2026-06-07 08:41:40.923000+00:00,0.0
1056,76.18333333333334,1,2,2026-06-07 09:57:32.691000+00:00,0.5
1057,54.9,0,3,2026-06-07 10:51:47.304000+00:00,0.0
1059,41.21666666666667,0,3,2026-06-07 12:15:49.341000+00:00,0.0
1061,43.18333333333333,1,2,2026-06-07 13:44:47.584000+00:00,0.5
1062,53.61666666666667,1,2,2026-06-07 14:32:51.122000+00:00,0.5
1063,38.88333333333333,0,1,2026-06-07 15:14:57.033000+00:00,0.0
1064,40.03333333333333,1,3,2026-06-07 15:58:00.226000+00:00,0.3333333333333333
1065,29.033333333333335,1,7,2026-06-07 16:23:17.841000+00:00,0.14285714285714285
1069,29.033333333333335,1,1,2026-06-07 18:31:21.727000+00:00,1.0
1070,30.866666666666667,1,5,2026-06-07 19:00:53.116000+00:00,0.2
1072,30.016666666666666,0,1,2026-06-07 20:06:42.118000+00:00,0.0
1073,36.0,0,2,2026-06-07 20:44:34.056000+00:00,0.0
1075,32.516666666666666,0,2,2026-06-07 21:50:46.005000+00:00,0.0
1076,26.266666666666666,0,3,2026-06-07 22:13:26.784000+00:00,0.0
1077,30.383333333333333,0,3,2026-06-07 22:46:51.962000+00:00,0.0
1080,30.616666666666667,0,3,2026-06-08 00:16:34.346000+00:00,0.0
1082,52.28333333333333,1,2,2026-06-08 02:26:22.078000+00:00,0.5
1083,87.58333333333333,0,1,2026-06-08 03:55:22.626000+00:00,0.0
1084,94.78333333333333,0,1,2026-06-08 05:30:17.201000+00:00,0.0
1087,99.11666666666666,0,1,2026-06-08 10:39:59.336000+00:00,0.0
1091,90.65,0,2,2026-06-08 16:47:42.779000+00:00,0.0
1092,64.06666666666666,0,1,2026-06-08 17:50:46.021000+00:00,0.0
1093,52.9,1,1,2026-06-08 18:44:32.799000+00:00,1.0
1094,59.85,0,1,2026-06-08 19:41:03.735000+00:00,0.0
1096,47.53333333333333,0,1,2026-06-08 21:33:14.422000+00:00,0.0
1097,41.733333333333334,1,2,2026-06-08 22:14:42.809000+00:00,0.5
1099,38.31666666666667,0,1,2026-06-08 23:34:44.442000+00:00,0.0
1100,26.333333333333332,0,2,2026-06-08 23:57:57.268000+00:00,0.0
1101,33.483333333333334,0,1,2026-06-09 00:33:58.013000+00:00,0.0
1102,56.63333333333333,0,1,2026-06-09 01:31:43.093000+00:00,0.0
1105,87.78333333333333,0,2,2026-06-09 05:21:32.997000+00:00,0.0
1106,82.5,0,3,2026-06-09 06:42:52.420000+00:00,0.0
1107,169.63333333333333,0,1,2026-06-09 09:35:12.228000+00:00,0.0
1108,74.66666666666667,0,2,2026-06-09 10:46:25.182000+00:00,0.0
1109,66.38333333333334,1,1,2026-06-09 11:55:22.431000+00:00,1.0
1111,59.516666666666666,0,2,2026-06-09 14:00:29.634000+00:00,0.0
1112,59.583333333333336,1,2,2026-06-09 14:56:25.354000+00:00,0.5
1113,63.266666666666666,0,1,2026-06-09 15:59:16.795000+00:00,0.0
1114,65.23333333333333,0,1,2026-06-09 17:03:43.906000+00:00,0.0
1116,47.36666666666667,1,2,2026-06-09 18:37:59.752000+00:00,0.5
1117,49.75,0,1,2026-06-09 19:26:55.489000+00:00,0.0
1119,44.25,0,2,2026-06-09 21:07:19.457000+00:00,0.0
1120,41.55,0,1,2026-06-09 21:47:43.738000+00:00,0.0
1121,34.63333333333333,0,3,2026-06-09 22:22:39.649000+00:00,0.0
1122,36.15,0,1,2026-06-09 23:02:16.896000+00:00,0.0
1124,29.95,0,2,2026-06-10 00:07:47.574000+00:00,0.0
1125,59.833333333333336,1,3,2026-06-10 01:08:21.521000+00:00,0.3333333333333333
1129,103.55,0,1,2026-06-10 06:42:12.865000+00:00,0.0
1130,87.36666666666666,0,1,2026-06-10 08:08:11.652000+00:00,0.0
1131,80.66666666666667,0,1,2026-06-10 09:37:55.762000+00:00,0.0
1135,70.98333333333333,0,1,2026-06-10 15:02:03.145000+00:00,0.0
1137,76.81666666666666,1,2,2026-06-10 17:33:41.110000+00:00,0.5
1139,61.78333333333333,0,1,2026-06-10 19:38:33.513000+00:00,0.0
1140,55.13333333333333,0,1,2026-06-10 20:32:20.021000+00:00,0.0
1141,62.38333333333333,1,5,2026-06-10 21:31:18.218000+00:00,0.2
1143,41.46666666666667,0,3,2026-06-10 23:05:17.189000+00:00,0.0
1144,34.81666666666667,0,1,2026-06-10 23:42:16.755000+00:00,0.0
1145,32.81666666666667,0,1,2026-06-11 00:13:06.375000+00:00,0.0
1148,86.95,1,1,2026-06-11 03:58:19.035000+00:00,1.0
1150,109.66666666666667,0,1,2026-06-11 07:19:51.654000+00:00,0.0
1152,99.56666666666666,2,4,2026-06-11 10:43:09.584000+00:00,0.5
1155,77.1,1,2,2026-06-11 15:17:25.253000+00:00,0.5
1156,88.66666666666667,0,1,2026-06-11 16:44:37.386000+00:00,0.0
1157,76.21666666666667,0,1,2026-06-11 17:49:46.602000+00:00,0.0
1159,56.583333333333336,0,1,2026-06-11 19:51:55.071000+00:00,0.0
1160,53.666666666666664,1,2,2026-06-11 20:46:23.234000+00:00,0.5
1161,56.916666666666664,0,1,2026-06-11 21:48:08.475000+00:00,0.0
1162,45.016666666666666,0,2,2026-06-11 22:29:06.406000+00:00,0.0
1165,35.7,0,1,2026-06-12 00:17:49.578000+00:00,0.0
1167,53.5,0,2,2026-06-12 02:30:11.518000+00:00,0.0
1169,95.9,0,2,2026-06-12 05:31:05.615000+00:00,0.0
1170,99.8,0,2,2026-06-12 07:10:56.740000+00:00,0.0
1171,102.25,1,2,2026-06-12 08:55:46.366000+00:00,0.5
1172,88.66666666666667,0,2,2026-06-12 10:25:30.242000+00:00,0.0
1173,78.15,0,1,2026-06-12 11:40:15.898000+00:00,0.0
1174,69.36666666666666,0,1,2026-06-12 12:51:37.543000+00:00,0.0
1177,69.45,0,1,2026-06-12 16:25:52.214000+00:00,0.0
1180,45.06666666666667,0,1,2026-06-12 19:07:18.036000+00:00,0.0
1182,46.75,1,2,2026-06-12 20:46:03.944000+00:00,0.5
1184,44.31666666666667,0,1,2026-06-12 22:11:53.805000+00:00,0.0
1186,42.45,0,1,2026-06-12 23:39:39.108000+00:00,0.0
1187,34.56666666666667,0,1,2026-06-13 00:12:28.967000+00:00,0.0
1188,81.41666666666667,0,1,2026-06-13 01:39:00.175000+00:00,0.0
1189,53.35,0,1,2026-06-13 02:28:00.551000+00:00,0.0
1191,90.65,0,2,2026-06-13 05:26:10.412000+00:00,0.0
1193,77.56666666666666,0,4,2026-06-13 08:11:50.644000+00:00,0.0
1194,74.31666666666666,0,1,2026-06-13 09:21:19.269000+00:00,0.0
1197,50.86666666666667,0,4,2026-06-13 12:02:55.045000+00:00,0.0
1199,42.333333333333336,0,4,2026-06-13 13:23:44.401000+00:00,0.0
1200,43.583333333333336,0,1,2026-06-13 14:06:31.103000+00:00,0.0
1201,49.68333333333333,0,1,2026-06-13 14:53:28.345000+00:00,0.0
1202,44.61666666666667,0,3,2026-06-13 15:42:36.473000+00:00,0.0
1204,36.516666666666666,1,1,2026-06-13 16:55:11.704000+00:00,1.0
1205,30.516666666666666,1,2,2026-06-13 17:26:56.696000+00:00,0.5
1208,29.85,0,2,2026-06-13 19:04:29.099000+00:00,0.0
1209,34.55,0,2,2026-06-13 19:39:30.886000+00:00,0.0
1210,35.3,0,1,2026-06-13 20:13:13.764000+00:00,0.0
1211,37.266666666666666,0,3,2026-06-13 20:50:39.708000+00:00,0.0
1213,30.65,0,2,2026-06-13 21:51:27.093000+00:00,0.0
1215,28.583333333333332,0,1,2026-06-13 22:45:09.412000+00:00,0.0
1217,31.483333333333334,0,1,2026-06-13 23:46:32.148000+00:00,0.0
1219,79.98333333333333,0,3,2026-06-14 01:36:21.361000+00:00,0.0
1221,83.4,0,2,2026-06-14 03:56:43.115000+00:00,0.0
1222,95.63333333333334,0,4,2026-06-14 05:30:38.027000+00:00,0.0
1223,101.35,0,1,2026-06-14 07:11:12.870000+00:00,0.0
1224,90.03333333333333,0,1,2026-06-14 08:40:42.290000+00:00,0.0
1225,85.25,0,1,2026-06-14 10:06:18.778000+00:00,0.0
1226,65.01666666666667,0,4,2026-06-14 11:10:07.690000+00:00,0.0
1228,41.3,1,4,2026-06-14 12:45:14.143000+00:00,0.25
1229,43.166666666666664,1,2,2026-06-14 13:29:14.323000+00:00,0.5
1230,56.21666666666667,0,1,2026-06-14 14:23:59.861000+00:00,0.0
1231,47.31666666666667,0,2,2026-06-14 15:10:50.534000+00:00,0.0
1232,49.96666666666667,0,2,2026-06-14 15:59:01.599000+00:00,0.0
1233,38.3,0,3,2026-06-14 16:39:33.796000+00:00,0.0
1236,39.46666666666667,0,3,2026-06-14 18:35:25.416000+00:00,0.0
1237,29.483333333333334,0,5,2026-06-14 19:06:15.702000+00:00,0.0
1238,35.4,1,2,2026-06-14 19:40:26.478000+00:00,0.5
1239,35.95,1,4,2026-06-14 20:14:16.648000+00:00,0.25
1241,28.033333333333335,0,4,2026-06-14 21:19:22.280000+00:00,0.0
1242,32.96666666666667,0,1,2026-06-14 21:53:45.345000+00:00,0.0
1244,27.966666666666665,0,1,2026-06-14 22:46:03.114000+00:00,0.0
1245,28.55,0,1,2026-06-14 23:16:58.529000+00:00,0.0
1247,27.3,0,2,2026-06-15 00:16:58.841000+00:00,0.0
1249,57.13333333333333,0,1,2026-06-15 02:36:14.634000+00:00,0.0
1250,80.58333333333333,0,1,2026-06-15 03:57:34.577000+00:00,0.0
1251,116.65,0,1,2026-06-15 05:54:16.432000+00:00,0.0
1253,130.11666666666667,0,1,2026-06-15 09:57:31.441000+00:00,0.0
1256,110.51666666666667,0,1,2026-06-15 16:26:21.645000+00:00,0.0
1258,87.35,0,1,2026-06-15 19:45:16.178000+00:00,0.0
1260,58.666666666666664,1,2,2026-06-15 21:47:54.022000+00:00,0.5
1262,41.7,0,2,2026-06-15 23:20:05.976000+00:00,0.0
1263,40.85,0,2,2026-06-16 00:02:12.644000+00:00,0.0
1264,45.9,0,3,2026-06-16 00:46:29.361000+00:00,0.0
1265,62.31666666666667,0,1,2026-06-16 01:48:34.365000+00:00,0.0
1268,119.48333333333333,0,4,2026-06-16 06:15:55.751000+00:00,0.0
1270,115.01666666666667,0,4,2026-06-16 10:24:49.887000+00:00,0.0
1271,106.2,0,1,2026-06-16 12:15:55.813000+00:00,0.0
1274,107.15,0,1,2026-06-16 17:51:46.578000+00:00,0.0
1277,66.93333333333334,0,1,2026-06-16 21:31:11.173000+00:00,0.0
1278,56.05,0,2,2026-06-16 22:31:49.147000+00:00,0.0
1279,41.36666666666667,1,5,2026-06-16 23:13:11.194000+00:00,0.2
1280,34.81666666666667,1,5,2026-06-16 23:47:51.464000+00:00,0.2
1281,38.25,0,1,2026-06-17 00:21:11.558000+00:00,0.0
1282,80.13333333333334,1,2,2026-06-17 01:41:51.728000+00:00,0.5
1285,106.35,0,1,2026-06-17 05:51:29.660000+00:00,0.0
1286,113.85,0,2,2026-06-17 07:47:23.654000+00:00,0.0
1288,103.35,0,1,2026-06-17 11:10:35.634000+00:00,0.0
1289,89.7,1,2,2026-06-17 12:40:58.327000+00:00,0.5
1290,79.4,0,2,2026-06-17 14:00:03.489000+00:00,0.0
1294,58.31666666666667,0,1,2026-06-17 18:46:29.193000+00:00,0.0
1295,58.21666666666667,0,5,2026-06-17 19:45:02.115000+00:00,0.0
1296,50.95,0,1,2026-06-17 20:32:48.079000+00:00,0.0
1298,44.2,0,1,2026-06-17 22:14:58.196000+00:00,0.0
1299,40.36666666666667,0,1,2026-06-17 22:56:15.347000+00:00,0.0
1302,44.93333333333333,0,1,2026-06-18 00:49:00.543000+00:00,0.0
1303,61.666666666666664,0,2,2026-06-18 01:45:39.365000+00:00,0.0
1304,63.61666666666667,0,1,2026-06-18 02:53:58.618000+00:00,0.0
1305,88.08333333333333,0,1,2026-06-18 04:20:06.878000+00:00,0.0
1307,100.86666666666666,0,2,2026-06-18 07:47:49.963000+00:00,0.0
1308,95.26666666666667,0,2,2026-06-18 09:22:20.292000+00:00,0.0
1311,80.45,0,3,2026-06-18 13:49:03.809000+00:00,0.0
1317,52.733333333333334,0,1,2026-06-18 20:22:28.260000+00:00,0.0
1322,41.88333333333333,0,1,2026-06-19 00:04:52.549000+00:00,0.0
1323,46.016666666666666,0,2,2026-06-19 00:47:44.027000+00:00,0.0
1325,60.35,0,1,2026-06-19 02:54:53.682000+00:00,0.0
1326,88.5,0,1,2026-06-19 04:23:26.595000+00:00,0.0
1327,108.66666666666667,0,1,2026-06-19 06:09:40.345000+00:00,0.0
1329,98.71666666666667,0,1,2026-06-19 09:58:42.558000+00:00,0.0
1330,99.91666666666667,1,1,2026-06-19 11:44:34.594000+00:00,1.0
1331,81.03333333333333,0,3,2026-06-19 13:03:01.993000+00:00,0.0
1332,70.25,0,1,2026-06-19 14:17:59.576000+00:00,0.0
1333,81.1,0,2,2026-06-19 15:36:50.336000+00:00,0.0
1334,59.68333333333333,0,5,2026-06-19 16:34:16.565000+00:00,0.0
1335,53.8,0,3,2026-06-19 17:33:58.727000+00:00,0.0
1336,52.1,2,3,2026-06-19 18:23:07.306000+00:00,0.6666666666666666
1337,44.9,0,3,2026-06-19 19:06:24.857000+00:00,0.0
1339,47.15,1,2,2026-06-19 20:29:47.462000+00:00,0.5
1340,35.9,0,2,2026-06-19 21:05:28.881000+00:00,0.0
1341,29.083333333333332,0,2,2026-06-19 21:33:21.567000+00:00,0.0
1343,27.183333333333334,0,4,2026-06-19 22:31:56.919000+00:00,0.0
1346,30.583333333333332,0,4,2026-06-20 00:00:13.479000+00:00,0.0
1348,58.916666666666664,0,2,2026-06-20 01:37:25.335000+00:00,0.0
1349,55.43333333333333,0,1,2026-06-20 02:36:41.409000+00:00,0.0
1351,89.0,0,1,2026-06-20 05:22:51.492000+00:00,0.0
1352,90.76666666666667,0,2,2026-06-20 06:55:47.647000+00:00,0.0
1353,76.63333333333334,0,4,2026-06-20 08:11:09.793000+00:00,0.0
1354,80.75,1,2,2026-06-20 09:43:33.522000+00:00,0.5
1356,53.333333333333336,0,3,2026-06-20 11:26:05.614000+00:00,0.0
1357,43.43333333333333,0,4,2026-06-20 12:11:38.645000+00:00,0.0
1359,42.483333333333334,0,2,2026-06-20 13:43:46.745000+00:00,0.0
1361,44.38333333333333,0,1,2026-06-20 15:29:10.044000+00:00,0.0
1363,35.3,1,3,2026-06-20 16:43:25.829000+00:00,0.3333333333333333
1364,35.31666666666667,1,3,2026-06-20 17:15:58.998000+00:00,0.3333333333333333
1365,42.06666666666667,0,4,2026-06-20 18:00:12.002000+00:00,0.0
1367,30.966666666666665,0,2,2026-06-20 19:04:33.881000+00:00,0.0
1369,35.083333333333336,0,1,2026-06-20 20:15:51.609000+00:00,0.0
1370,33.68333333333333,0,1,2026-06-20 20:49:08.852000+00:00,0.0
1371,29.05,1,3,2026-06-20 21:20:21.621000+00:00,0.3333333333333333
1376,32.21666666666667,0,3,2026-06-20 23:51:00.536000+00:00,0.0
1380,80.2,0,3,2026-06-21 03:56:45.476000+00:00,0.0
1381,107.55,0,1,2026-06-21 05:46:08.047000+00:00,0.0
1382,104.73333333333333,0,2,2026-06-21 07:29:19.173000+00:00,0.0
1384,83.95,0,1,2026-06-21 10:22:22.464000+00:00,0.0
1386,50.31666666666667,0,2,2026-06-21 12:27:50.274000+00:00,0.0
1387,45.766666666666666,0,5,2026-06-21 13:13:09.554000+00:00,0.0
1388,42.85,0,1,2026-06-21 13:55:27.208000+00:00,0.0
1389,50.21666666666667,0,1,2026-06-21 14:38:20.446000+00:00,0.0
1390,50.583333333333336,0,2,2026-06-21 15:31:00.008000+00:00,0.0
1392,42.083333333333336,0,5,2026-06-21 17:04:21.726000+00:00,0.0
1393,39.3,0,1,2026-06-21 17:40:16.413000+00:00,0.0
1394,35.96666666666667,0,1,2026-06-21 18:16:52.815000+00:00,0.0
1395,41.18333333333333,0,4,2026-06-21 18:59:53.597000+00:00,0.0
1396,43.13333333333333,0,7,2026-06-21 19:40:33.601000+00:00,0.0
1398,37.233333333333334,0,4,2026-06-21 20:55:43.119000+00:00,0.0
1399,40.86666666666667,0,1,2026-06-21 21:38:54.670000+00:00,0.0
1401,35.06666666666667,0,2,2026-06-21 22:41:49.184000+00:00,0.0
1402,34.06666666666667,0,1,2026-06-21 23:15:49.760000+00:00,0.0
1404,28.65,0,1,2026-06-22 00:23:48.948000+00:00,0.0
1406,67.86666666666666,0,1,2026-06-22 02:51:47.340000+00:00,0.0
1409,141.68333333333334,0,1,2026-06-22 08:43:41.021000+00:00,0.0
1411,125.45,1,2,2026-06-22 12:49:45.353000+00:00,0.5
1419,40.233333333333334,0,4,2026-06-22 23:03:44.547000+00:00,0.0
1421,27.233333333333334,1,1,2026-06-23 00:07:41.243000+00:00,1.0
1422,39.483333333333334,0,2,2026-06-23 00:50:43.455000+00:00,0.0
1423,50.666666666666664,0,2,2026-06-23 01:39:51.983000+00:00,0.0
1424,52.43333333333333,0,3,2026-06-23 02:31:51.536000+00:00,0.0
1426,86.71666666666667,0,1,2026-06-23 05:25:01.579000+00:00,0.0
1427,82.76666666666667,0,1,2026-06-23 06:44:40.783000+00:00,0.0
1429,82.25,2,3,2026-06-23 09:31:56.435000+00:00,0.6666666666666666
1430,79.35,0,1,2026-06-23 10:50:27.461000+00:00,0.0
1431,64.26666666666667,0,1,2026-06-23 11:58:21.315000+00:00,0.0
1432,57.2,0,1,2026-06-23 12:54:51.974000+00:00,0.0
1433,58.766666666666666,1,3,2026-06-23 13:54:45.302000+00:00,0.3333333333333333
1434,57.88333333333333,0,2,2026-06-23 14:52:27.690000+00:00,0.0
1435,62.8,0,3,2026-06-23 15:59:28.930000+00:00,0.0
1436,53.61666666666667,0,1,2026-06-23 16:48:09.063000+00:00,0.0
1437,49.016666666666666,0,2,2026-06-23 17:42:05.067000+00:00,0.0
1438,46.06666666666667,0,2,2026-06-23 18:25:33.580000+00:00,0.0
1439,46.46666666666667,0,1,2026-06-23 19:14:47.074000+00:00,0.0
1441,49.733333333333334,0,1,2026-06-23 20:40:59.848000+00:00,0.0
1442,41.083333333333336,0,2,2026-06-23 21:19:31.122000+00:00,0.0
1449,54.15,0,1,2026-06-24 01:26:49.121000+00:00,0.0
1453,81.48333333333333,0,3,2026-06-24 06:46:18.608000+00:00,0.0
1454,84.45,0,3,2026-06-24 08:10:59.234000+00:00,0.0
1455,67.56666666666666,0,3,2026-06-24 09:16:54.486000+00:00,0.0
1456,78.96666666666667,0,1,2026-06-24 10:37:06.041000+00:00,0.0
1457,63.36666666666667,1,3,2026-06-24 11:42:00.724000+00:00,0.3333333333333333
1458,50.28333333333333,2,3,2026-06-24 12:29:06.408000+00:00,0.6666666666666666
1462,52.05,0,2,2026-06-24 16:33:06.286000+00:00,0.0
1463,45.7,0,1,2026-06-24 17:18:59.099000+00:00,0.0
1465,39.65,0,1,2026-06-24 18:47:18.073000+00:00,0.0
1468,43.65,1,2,2026-06-24 21:06:02.222000+00:00,0.5
1469,37.833333333333336,1,2,2026-06-24 21:44:01.776000+00:00,0.5
1472,31.516666666666666,0,2,2026-06-24 23:18:17.864000+00:00,0.0
1474,28.75,1,2,2026-06-25 00:20:38.516000+00:00,0.5
1475,69.58333333333333,1,1,2026-06-25 01:26:35.814000+00:00,1.0
1476,60.083333333333336,0,1,2026-06-25 02:27:33.568000+00:00,0.0
1480,82.68333333333334,0,1,2026-06-25 08:13:10.519000+00:00,0.0
1481,71.58333333333333,1,3,2026-06-25 09:20:28.349000+00:00,0.3333333333333333
1483,63.0,0,1,2026-06-25 11:35:03.428000+00:00,0.0
1484,52.78333333333333,1,5,2026-06-25 12:28:54.262000+00:00,0.2
1486,48.2,0,3,2026-06-25 14:12:48.678000+00:00,0.0
1487,61.666666666666664,0,1,2026-06-25 15:11:54.871000+00:00,0.0
1491,49.68333333333333,0,1,2026-06-25 18:34:23.586000+00:00,0.0
1494,43.65,1,2,2026-06-25 20:57:17.086000+00:00,0.5
1495,39.03333333333333,0,1,2026-06-25 21:39:48.147000+00:00,0.0
1497,38.583333333333336,0,2,2026-06-25 22:56:05.616000+00:00,0.0
1499,36.233333333333334,1,2,2026-06-25 23:58:29.895000+00:00,0.5
1500,28.116666666666667,0,3,2026-06-26 00:29:08.645000+00:00,0.0
1502,55.55,0,2,2026-06-26 02:32:00.134000+00:00,0.0
1503,87.31666666666666,0,1,2026-06-26 04:02:57.933000+00:00,0.0
1504,87.95,0,1,2026-06-26 05:32:45.648000+00:00,0.0
1506,84.68333333333334,0,1,2026-06-26 08:11:49.301000+00:00,0.0
1507,80.65,1,3,2026-06-26 09:32:27.002000+00:00,0.3333333333333333
1510,48.916666666666664,0,2,2026-06-26 12:39:18.977000+00:00,0.0
1512,58.88333333333333,0,2,2026-06-26 14:28:45.672000+00:00,0.0
1515,44.4,0,1,2026-06-26 17:10:52.884000+00:00,0.0
1516,40.93333333333333,1,1,2026-06-26 17:51:07.485000+00:00,1.0
1522,32.233333333333334,1,1,2026-06-26 21:50:34.904000+00:00,1.0
1523,28.2,0,1,2026-06-26 22:20:53.249000+00:00,0.0
1525,27.133333333333333,0,1,2026-06-26 23:17:47.352000+00:00,0.0
1528,68.63333333333334,0,1,2026-06-27 01:35:31.542000+00:00,0.0
1529,61.266666666666666,1,1,2026-06-27 02:31:16.858000+00:00,1.0
1530,87.2,0,1,2026-06-27 03:55:56.542000+00:00,0.0
1531,80.13333333333334,1,3,2026-06-27 05:13:25.875000+00:00,0.3333333333333333
1533,67.96666666666667,0,2,2026-06-27 07:40:48.950000+00:00,0.0
1535,56.46666666666667,0,1,2026-06-27 09:45:21.291000+00:00,0.0
1536,53.6,0,2,2026-06-27 10:39:14.863000+00:00,0.0
1537,39.18333333333333,1,2,2026-06-27 11:17:41.794000+00:00,0.5
1540,32.75,0,2,2026-06-27 12:55:43.574000+00:00,0.0
1543,40.0,0,2,2026-06-27 15:03:26.758000+00:00,0.0
1546,29.55,0,1,2026-06-27 16:35:15.287000+00:00,0.0
1548,33.71666666666667,0,4,2026-06-27 17:32:28.509000+00:00,0.0
1550,32.666666666666664,0,2,2026-06-27 18:32:23.963000+00:00,0.0
1558,32.31666666666667,0,3,2026-06-27 22:31:12.548000+00:00,0.0
1566,89.71666666666667,0,1,2026-06-28 05:26:10.104000+00:00,0.0
1567,88.71666666666667,0,1,2026-06-28 06:54:12.634000+00:00,0.0
1568,77.05,0,3,2026-06-28 08:14:05.586000+00:00,0.0
1569,73.86666666666666,1,1,2026-06-28 09:25:29.455000+00:00,1.0
1570,57.733333333333334,1,3,2026-06-28 10:25:40.129000+00:00,0.3333333333333333
1571,44.78333333333333,0,1,2026-06-28 11:09:19.555000+00:00,0.0
1573,35.95,1,1,2026-06-28 12:24:24.041000+00:00,1.0
1574,33.416666666666664,0,4,2026-06-28 12:56:34.102000+00:00,0.0
1575,30.483333333333334,0,3,2026-06-28 13:30:43.093000+00:00,0.0
1576,42.9,0,3,2026-06-28 14:11:27.030000+00:00,0.0
1583,32.266666666666666,0,1,2026-06-28 17:55:49.657000+00:00,0.0
1584,26.85,0,3,2026-06-28 18:19:02.171000+00:00,0.0
1593,30.016666666666666,0,3,2026-06-28 22:45:36.167000+00:00,0.0
