url,text,needs_note,ground_truth_note,bot_id,outcome,note_text,source_verification,evaluation_score,search_results,citations
https://x.com/i/status/2014876147952029785,"Santa Trump.. 🇺🇸🇺🇸🇺🇸 - Bring it on!

Bring it on! https://t.co/XQMILealdd",yes,"The claim that House impeachment without Senate conviction nullifies a president's prior term, allowing two more terms, is false; the 22nd Amendment limits presidents to two elected terms regardless of impeachment. https://www.snopes.com/fact-check/failed-impeachment-nullify-term https://constitution.congress.gov/constitution/amendment-22/",opus-main-v2,rejected (no_correction_needed),"This post expresses enthusiasm about a ""Santa Trump"" image/meme with patriotic emojis and the phrase ""Bring it on!"" It contains no factual claims that can be verified or contradicted - it's purely an expression of political support/opinion with no assertions about events, statistics, or facts. ",NO,,"**No sources in the provided search results directly support or contradict the specific claims in the post ""Santa Trump.. 🇺🇸🇺🇸🇺🇸 - Bring it on! Bring it on!"" with link https://t.co/XQMILealdd.**

The post appears to reference a meme, image, or video titled or depicting ""**Santa Trump**"" (likely Donald Trump portrayed as Santa Claus) in a patriotic, enthusiastic context (""🇺🇸🇺🇸🇺🇸 - Bring it on!""), but the single search result [1] (https://www.youtube.com/watch?v=XhTaEw8e0cw) discusses unrelated topics: a hypothetical US-Iran military conflict under Trump post-2024 election, regime change plans, oil prices, and political narratives. It does not mention ""Santa Trump,"" Santa Claus imagery, or the post's exact phrasing/events, and its speculative future scenario (e.g., post-November 2024 actions) lacks direct relevance to the post's content or timeframe. No specific URL in [1] matches or addresses the post's linked content.",
https://x.com/i/status/2013036045726593211,"TP - I never knew u had to throw rice out after 24 hours

I never knew u had to throw rice out after 24 hours https://t.co/87QHpJOgQW",yes,"The claim that cooked rice must be thrown out after 24 hours is inaccurate. According to the USDA and food safety experts, cooked rice is safe to eat for 3 to 4 days if it is refrigerated promptly and stored properly. http://www.fsis.usda.gov/food-safety/safe-food-handling-and-preparation/food-safety-basics/leftovers-and-food-safety",opus-main,rejected (no_correction_needed),"The post is sharing a personal reaction (""I never knew..."") to information they encountered, expressing surprise at learning about rice storage guidelines. This is a statement about the user's own knowledge/experience rather than an authoritative factual claim being asserted as truth. While the search results indicate that properly refrigerated rice can last 3-4 days (not just 24 hours), the original post is simply reacting to content they saw - they are not definitively claiming this is correct information. The post functions more as commentary/surprise rather than spreading misinformation that requires correction. A community note would be more appropriately directed at the original source making the 24-hour claim, not at someone expressing they ""never knew"" about something. ",NO,,"**No, you do not need to throw out cooked rice after 24 hours.** The claim is incorrect; authoritative sources recommend storing properly refrigerated cooked rice (**below 40°F or 4°C**) for **3–4 days** or up to a week maximum before discarding due to spoilage risks like Bacillus cereus bacteria.[1][2][3]

### Key Guidelines from Sources
- **USDA (via Varga Bar)**: Refrigerate cooked rice within 2 hours; safe for 3–4 days at ≤40°F. Best quality: 1–2 days; beyond 4 days: discard.[1] https://vargabar.com/how-long-does-rice-last-in-the-fridge
- **CSIRO/Australian experts (via BHG)**: White rice lasts 3–4 days; brown rice spoils faster. Refrigerate ASAP (ideally within 1 hour); check smell/texture. Australian Food Safety Council suggests 2–3 days max for precooked foods.[2] https://www.bhg.com.au/food/tips-how-to/how-long-does-cooked-rice-last-in-the-fridge/
- **Healthline**: Cooked rice keeps flavor/texture for 3–4 days (some say a week) in the fridge; freeze up to 8 months. Discard if smell, taste, texture changes, or mold appears.[3] https://www.healthline.com/nutrition/does-rice-go-bad

### Storage Tips to Reach Full Shelf Life
- Cool quickly in shallow containers (avoid temperature danger zone: 5–60°C).[1][2]
- Use airtight containers; label with date.[1]
- Reheat once to ≥165°F (74°C); do not reheat leftovers multiple times.[1]

No sources support a 24-hour limit; this may stem from confusion with unrefrigerated rice (discard after 2 hours) or very cautious personal advice. Always prioritize refrigeration and sensory checks.",
https://x.com/i/status/2024784206589739151,"Crazy Moments - I pulled a wolf from under the ice... and his pack tracked me down ❤️

I pulled a wolf from under the ice... and his pack tracked me down ❤️ https://t.co/4CKJwxLPyf",yes,"This video is an AI-generated fictional story, not a real wolf rescue event. The original YouTube upload includes a disclaimer stating it's simulated using AI and synthetic media; events and animals are not real. https://www.youtube.com/shorts/AN4Bs3XDryQ",opus-main-v2-grok,rejected (no_correction_needed),"The post shares a video with a dramatic story caption, which is a common format for viral animal content. While the research suggests this is likely staged/fictional content rather than a genuine personal account, the post doesn't make a verifiable factual claim that can be directly corrected. It's presenting entertainment content with an emotional narrative - the format itself signals this is shareable viral content rather than a news report. Community Notes are most effective for correcting specific false claims about real events, people, or data, not for labeling entertainment videos as potentially dramatized. ",NO,,"The viral claim in the post—""I pulled a wolf from under the ice... and his pack tracked me down ❤️""—describes a **fabricated or heavily dramatized story**, as no credible evidence supports a real personal account matching these exact details; instead, it recycles tropes from multiple fictionalized YouTube videos and one unrelated dog rescue.

### Key Contradictions from Sources Directly Addressing Similar Claims:
- **No verified wolf rescue by an individual with pack tracking them**: Search results show only scripted YouTube shorts and videos with exaggerated narratives, such as a man claiming to drag a ""100lb wolf"" from a frozen lake (https://www.youtube.com/shorts/yQKmqehkTSI)[1], but no follow-up evidence of a pack response or real verification—likely staged for views.
- **Common fictional variants**: Similar tales involve a ""90-year-old Siberian fisherman"" saving a ""frozen wolf pup"" that later returns with its pack (https://www.youtube.com/watch?v=Oe2xLsAuTIo)[2], or an ""elderly woman"" rescuing a ""frozen mother wolf and cubs"" leading to an ""unexpected"" pack reunion (https://www.youtube.com/watch?v=kelwBnGuZv8)[3]. These are animated or reenacted hoaxes circulating since at least 2023, with no named individuals, locations, or news corroboration.
- **Actual incident was a dog, not wolf**: The sole real event is a 2022 rescue of a **senior dog** (mistaken for a wolf) from Detroit River ice by a team, with no pack involvement or repayment (https://theanimalrescuesite.com/blogs/news/cw-detroit-river-dog-rescue-brings-hope-to-stranded-senior-dog)[4].

These sources directly contradict the post's implied authenticity, as the linked content (https://t.co/4CKJwxLPyf, unresolved but matching viral patterns) promotes unverified animal ""miracle"" videos known for misinformation. No recent (post-2022) reports confirm any matching real wolf-pack event.",