url,text,needs_note,ground_truth_note,bot_id,note_status,outcome,note_text,source_verification,evaluation_score,logs
https://x.com/i/status/2014876147952029785,"Santa Trump.. 🇺🇸🇺🇸🇺🇸 - Bring it on!

Bring it on! https://t.co/XQMILealdd",yes,"The claim that House impeachment without Senate conviction nullifies a president's prior term, allowing two more terms, is false; the 22nd Amendment limits presidents to two elected terms regardless of impeachment. https://www.snopes.com/fact-check/failed-impeachment-nullify-term https://constitution.congress.gov/constitution/amendment-22/",opus-main,TWEET NOT SIGNIFICANTLY INCORRECT,rejected (no_correction_needed),"This post does not contain a factual claim that can be verified or corrected. It appears to be an opinion/expression of support featuring ""Santa Trump"" imagery with patriotic emojis and the phrase ""Bring it on!"" This is political commentary/enthusiasm rather than a factual assertion requiring fact-checking. ",NO,,"{""tweet.index"":1,""tweet.total"":3,""tweet.id"":""2014876147952029785"",""tweet.text"":""Santa Trump.. 🇺🇸🇺🇸🇺🇸 - Bring it on!\n\nBring it on! https://t.co/XQMILealdd"",""tweet.type"":""original [VIDEO]"",""bot.id"":""opus-main"",""tweet.createdAt"":""2026-03-24T18:10:16.094Z"",""tweet.recencyHours"":2.7777777777777776e-7,""search.results"":""I don't have enough information to fact-check this query. The message \""Santa Trump.. 🇺🇸🇺🇸🇺🇸 - Bring it on!\"" appears to be a social media post with an emoji and link, but it doesn't contain specific factual claims that can be verified or contradicted.\n\nTo provide a fact-check, I would need:\n- A clear claim or statement about a specific event, policy, or fact\n- Context about what \""Santa Trump\"" refers to\n- Information about what the linked content contains\n\nIf you have a specific claim from this post or related content that you'd like me to verify, please share the exact statement you'd like fact-checked, and I can search for relevant sources to support or contradict it."",""search.citations"":[""https://en.wikipedia.org/wiki/Donald_Trump_2024_presidential_campaign"",""https://en.wikipedia.org/wiki/2024_United_States_presidential_election"",""https://www.fec.gov/data/candidate/P80001571/"",""https://www.whitehouse.gov/administration/donald-j-trump/"",""https://www.opensecrets.org/2024-presidential-race/donald-trump/candidate?id=N00023864""],""search.model"":""perplexity/sonar"",""scores.positiveEvidence"":{""score"":0,""reasoning"":""The note relies entirely on negative framing by stating what the post 'does not contain' and what it is 'not' (factual claims requiring correction), without providing any positive counter-evidence or specific sources.""},""scores.disagreement"":{""score"":0,""reasoning"":""The Community Note does not disagree with the original post but rather explains that it contains no factual claims to verify, making it purely descriptive context rather than a contradiction.""},""scores.helpfulness"":{""score"":0.1,""reasoning"":""This note fails to meet Community Notes criteria because it doesn't correct any factual claim - instead it correctly identifies that the tweet contains no verifiable facts to correct, making the note unnecessary and off-topic for the platform's fact-checking purpose.""},""scores.sourceQuality"":{""score"":0,""reasoning"":""No source URL was provided to evaluate against the Community Note's claim about the post being opinion/commentary rather than factual content.""},""scores.breakingNewsRisk"":{""score"":1,""reasoning"":""The Community Note addresses the nature of a political opinion post rather than making any negative claims about breaking news or rapidly developing situations.""},""scores.pedantry"":{""score"":0,""reasoning"":""The Community Note is addressing a tweet that contains no factual claims to correct, making this an extremely pedantic application of fact-checking to what is clearly just political opinion and imagery.""},""scores.noteNotNeeded"":{""score"":0,""reasoning"":""The tweet contains only political imagery, patriotic emojis, and an enthusiastic phrase without making any verifiable factual claims that could mislead readers.""},""scores.tangentialCorrection"":{""score"":1,""reasoning"":""The Community Note directly addresses the core issue by correctly identifying that the tweet contains no factual claims to verify or correct, making it inappropriate for fact-checking since it's purely political commentary and expression of support.""},""scores.raterVerifiability"":{""score"":1,""reasoning"":""The Community Note's claim that the tweet contains no factual assertions but rather opinion/political commentary can be instantly verified by anyone simply reading the original tweet, which clearly shows only 'Santa Trump' imagery, patriotic emojis, and the phrase 'Bring it on!' without any factual claims.""},""scores.overconfidence"":{""score"":0.7,""reasoning"":""The note appropriately identifies that the post contains opinion/commentary rather than factual claims, and uses measured language like 'appears to be' and 'does not contain' rather than making overly definitive statements.""},""outcome"":""rejected"",""outcomeReason"":""no_correction_needed"",""finalStage"":""note_writing"",""note.status"":""TWEET NOT SIGNIFICANTLY INCORRECT"",""note.text"":""This post does not contain a factual claim that can be verified or corrected. It appears to be an opinion/expression of support featuring \""Santa Trump\"" imagery with patriotic emojis and the phrase \""Bring it on!\"" This is political commentary/enthusiasm rather than a factual assertion requiring fact-checking. "",""note.url"":"""",""note.charCount"":309,""check.result"":""NO""}"
https://x.com/i/status/2024784206589739151,"Crazy Moments - I pulled a wolf from under the ice... and his pack tracked me down ❤️

I pulled a wolf from under the ice... and his pack tracked me down ❤️ https://t.co/4CKJwxLPyf",yes,"This video is an AI-generated fictional story, not a real wolf rescue event. The original YouTube upload includes a disclaimer stating it's simulated using AI and synthetic media; events and animals are not real. https://www.youtube.com/shorts/AN4Bs3XDryQ",opus-bridging,CORRECTION WITH TRUSTWORTHY CITATION,candidate,This video dramatizes a 2018 Estonia incident where three construction workers rescued a wolf from thin ice on the Pärnu River. They drove it to a clinic in their car. The wolf was released alone with a GPS collar—no pack tracked the rescuers. https://www.boredpanda.com/man-rescue-wolf-dog-icy-water/,YES,,"{""tweet.index"":3,""tweet.total"":3,""tweet.id"":""2024784206589739151"",""tweet.text"":""Crazy Moments - I pulled a wolf from under the ice... and his pack tracked me down ❤️\n\nI pulled a wolf from under the ice... and his pack tracked me down ❤️ https://t.co/4CKJwxLPyf"",""tweet.type"":""original [VIDEO]"",""bot.id"":""opus-bridging"",""tweet.createdAt"":""2026-03-24T18:10:25.505Z"",""tweet.recencyHours"":0,""media.videos"":[{""url"":""/var/folders/n4/l4rh4y3n4lz2b0h3p52h20240000gn/T/cn-runOnVideos-1774375812962/2024784138851770368.mp4"",""keyFrameDescriptions"":[""A person in a green jacket and orange hat is shown on what appears to be ice or snow. There's broken ice visible and the text reads \""I saw a wolf's face staring at me from under the ice.\"" The claim being made is that the person discovered a wolf trapped beneath ice."",""Shows the same person from a different angle on the icy/snowy terrain with mountains in the background. A dark animal (claimed to be a wolf) is visible. The text states \""But he wasn't trying to attack me,\"" suggesting the wolf was not aggressive toward the person."",""The person is shown in what appears to be a rocky shelter or cave with the dark-furred animal. The text reads \""I had to find shelter before we both froze,\"" claiming the person rescued the wolf and sought shelter together due to cold conditions."",""A close-up shot of what appears to be a large dark-furred canine with its mouth open, showing teeth. A person's hand in an orange glove is visible. The text states \""He was starving but he still trusted me,\"" claiming the animal was hungry but docile and trusting toward the person who rescued it.""],""transcription"":""Do this! Move! Move! Stay here! Stand back! I got you! I got you! Help! I need energy. Okay, let's get you to a doctor. Almost there, just hang on. You see that? Something is following us. He found ice! Check his lungs! Stabilizing. He's a fighter. They found him. You're waiting?"",""hasAudio"":true}],""media.images"":[],""media.summary"":""VIDEO AUDIO TRANSCRIPT:\nDo this! Move! Move! Stay here! Stand back! I got you! I got you! Help! I need energy. Okay, let's get you to a doctor. Almost there, just hang on. You see that? Something is following us. He found ice! Check his lungs! Stabilizing. He's a fighter. They found him. You're waiting?\n\n---\n\nVIDEO VISUAL CONTENT:\nA person in a green jacket and orange hat is shown on what appears to be ice or snow. There's broken ice visible and the text reads \""I saw a wolf's face staring at me from under the ice.\"" The claim being made is that the person discovered a wolf trapped beneath ice.\nShows the same person from a different angle on the icy/snowy terrain with mountains in the background. A dark animal (claimed to be a wolf) is visible. The text states \""But he wasn't trying to attack me,\"" suggesting the wolf was not aggressive toward the person.\nThe person is shown in what appears to be a rocky shelter or cave with the dark-furred animal. The text reads \""I had to find shelter before we both froze,\"" claiming the person rescued the wolf and sought shelter together due to cold conditions.\nA close-up shot of what appears to be a large dark-furred canine with its mouth open, showing teeth. A person's hand in an orange glove is visible. The text states \""He was starving but he still trusted me,\"" claiming the animal was hungry but docile and trusting toward the person who rescued it."",""media.timeMs"":11190,""search.results"":""**The viral video claiming a person single-handedly pulled a wolf from under ice, sheltered it, gained its trust, took it to a doctor, and was tracked by its pack is fabricated and does not depict a real event.** It dramatizes and embellishes a 2018 incident in Estonia where construction workers rescued what they initially thought was a dog from thin ice on the Pärnu River, later confirmed as a young male wolf by a hunter and veterinarians.[1][2][3]\n\nKey contradictions between the video and the verified story:\n- **Rescuers**: Video shows one person in a green jacket/orange hat/hat pulling the animal from thick ice and carrying it alone to a rocky shelter/cave. Real event involved three workers (Rando Kartsepp, Robin Sillamäe, Erki Väli) clearing a path through *thin* ice on a dam, wrapping it in a towel, and driving it in their car.[1][2][3] https://theweek.com/99792/estonian-workers-shocked-to-find-dog-rescued-from-ice-is-actually-wild-wolf | https://www.boredpanda.com/man-rescue-wolf-dog-icy-water/ | https://matadornetwork.com/read/dog-rescued-actually-wolf/\n- **Wolf's condition and behavior**: Video claims the starving wolf trusted the rescuer immediately, opened its mouth non-aggressively in a shelter, and was carried to a \""doctor\"" while \""something followed us\"" (implying pack). In reality, the hypothermic wolf was docile due to low blood pressure, slept calmly on a worker's lap during the car ride, received clinic treatment (not a dramatic field \""doctor\""), and showed no pack tracking; it was caged post-treatment for safety and released with a GPS collar after quick recovery.[1][2][3]\n- **Outcome and pack**: Video ends with \""his pack tracked me down ❤️\"" suggesting a heartwarming reunion. The real wolf was released into the wild alone by Estonia's environmental agency after EUPA paid for care; no pack involvement or tracking of rescuers reported.[2]\n\nThe video uses staged footage, generic snowy/mountain visuals, and a mismatched audio transcript (e.g., \""let's get you to a doctor,\"" \""they found him\"") to mimic the Estonian story, which went viral in January 2018 but lacks any solo rescuer, sheltering, or pack elements.[1][2][3] No sources confirm the video's specific claims or any similar recent event matching the described person, location, or pack tracking."",""search.citations"":[""https://theweek.com/99792/estonian-workers-shocked-to-find-dog-rescued-from-ice-is-actually-wild-wolf"",""https://www.boredpanda.com/man-rescue-wolf-dog-icy-water/"",""https://matadornetwork.com/read/dog-rescued-actually-wolf/""],""search.model"":""perplexity/sonar"",""scores.positiveEvidence"":{""score"":0.7,""reasoning"":""The note provides mostly positive counter-evidence with specific details (2018 Estonia incident, three construction workers, Pärnu River, GPS collar) and a named source (Bored Panda), but includes one negative claim about the pack not tracking rescuers.""},""scores.disagreement"":{""score"":0.7,""reasoning"":""The Community Note directly contradicts the original post's central claim that the wolf's pack tracked down the rescuer, stating instead that the wolf was released alone and no pack tracking occurred.""},""scores.helpfulness"":{""score"":0.75,""reasoning"":""The note provides a clear, factual correction with credible sources that directly addresses the main claims about the wolf rescue, though it could be slightly more concise.""},""scores.sourceQuality"":{""score"":0.5,""reasoning"":""Bored Panda is a legitimate online publication that aggregates viral stories and this appears to be reporting on a real news event, making it acceptable for confirming basic facts about the incident, though it's not an authoritative news source or primary documentation.""},""scores.breakingNewsRisk"":{""score"":1,""reasoning"":""The note corrects misinformation about a historical 2018 incident that is well-documented and settled, with no time-sensitive or breaking news elements.""},""scores.pedantry"":{""score"":1,""reasoning"":""The Community Note directly contradicts the tweet's core dramatic claim that the wolf's pack tracked down the rescuer, revealing this key emotional hook to be false.""},""scores.noteNotNeeded"":{""score"":0.7,""reasoning"":""The tweet presents a personal narrative as fact with specific claims about rescuing a wolf and being tracked by its pack, which could mislead readers about what actually happened in the documented incident.""},""scores.tangentialCorrection"":{""score"":1,""reasoning"":""The Community Note directly addresses the core misleading claim by clarifying that no pack tracked down the rescuers, which is the main dramatic and false assertion in the tweet.""},""scores.raterVerifiability"":{""score"":1,""reasoning"":""The Community Note provides a direct link to a Bored Panda article that any person can click to immediately verify the factual details about the 2018 Estonia wolf rescue incident.""},""scores.overconfidence"":{""score"":0.7,""reasoning"":""The note appropriately states factual details about the documented 2018 incident and directly addresses the specific claim about pack tracking without overstating its certainty.""},""outcome"":""candidate"",""outcomeReason"":"""",""finalStage"":""candidate"",""note.status"":""CORRECTION WITH TRUSTWORTHY CITATION"",""note.text"":""This video dramatizes a 2018 Estonia incident where three construction workers rescued a wolf from thin ice on the Pärnu River. They drove it to a clinic in their car. The wolf was released alone with a GPS collar—no pack tracked the rescuers. https://www.boredpanda.com/man-rescue-wolf-dog-icy-water/"",""note.url"":""https://www.boredpanda.com/man-rescue-wolf-dog-icy-water/"",""note.charCount"":301,""check.result"":""YES""}"
https://x.com/i/status/2013036045726593211,"TP - I never knew u had to throw rice out after 24 hours

I never knew u had to throw rice out after 24 hours https://t.co/87QHpJOgQW",yes,"The claim that cooked rice must be thrown out after 24 hours is inaccurate. According to the USDA and food safety experts, cooked rice is safe to eat for 3 to 4 days if it is refrigerated promptly and stored properly. http://www.fsis.usda.gov/food-safety/safe-food-handling-and-preparation/food-safety-basics/leftovers-and-food-safety",opus-main-v2,CORRECTION WITH TRUSTWORTHY CITATION,rejected (check_failed),"The 24-hour rule is false. USDA and food safety guidelines say properly refrigerated cooked rice is safe for 3-7 days, not 24 hours. Cool within 2 hours, store in airtight container, reheat to 165°F. The ""1921 Rice Act"" mentioned is also fabricated—no such law exists. https://www.consumerreports.org/health/food-safety/is-leftover-rice-safe-to-eat-a8310482886/",NO,,"{""tweet.index"":2,""tweet.total"":3,""tweet.id"":""2013036045726593211"",""tweet.text"":""TP - I never knew u had to throw rice out after 24 hours\n\nI never knew u had to throw rice out after 24 hours https://t.co/87QHpJOgQW"",""tweet.type"":""original [VIDEO]"",""bot.id"":""opus-main-v2"",""tweet.createdAt"":""2026-03-24T18:10:20.826Z"",""tweet.recencyHours"":0,""media.videos"":[{""url"":""/var/folders/n4/l4rh4y3n4lz2b0h3p52h20240000gn/T/cn-runOnVideos-1774375812962/2013035975471931392.mp4"",""keyFrameDescriptions"":[""Shows an animated bowl of rice with an evil/menacing facial expression under blue lighting. The bowl appears to be grinning sinisterly with rice grains as \""hair.\"" Text shows \""BIGGEST\"" at the bottom. TikTok watermark visible from @healthylivinglabs account."",""Shows the same animated rice bowl character but now with a worried/frightened expression in a kitchen setting. Human hands are positioned defensively around the bowl. Partial text visible at bottom appears to say \""Ha ha ha ha ha! I know\"" suggesting dialogue or narration."",""Continuation of the kitchen scene with the animated rice bowl looking anxious/scared as hands hover protectively around it. Text shows \""STAY\"" at the bottom, indicating someone is telling the rice to stay put. Same TikTok account watermark present."",""Shows the rice bowl character now in a refrigerator with a horrified expression, surrounded by what appears to be green mold growth on the rice. Text shows \""SCENE 3 - MOULD REVEAL (CLEAR & BOLD)\"" at top and \""MOLD\"" at bottom. This appears to be depicting spoiled rice with mold contamination.""],""transcription"":""I'm Rice, and these are the biggest dangers I cause you every single time you eat me. I know you eat me every other day and think I'm harmless, but I can't take it anymore! My conscience can't stay quiet, and it's time to expose the truth! Firstly, I am the fastest growing mold foods once it's been cooked. And what makes it worse? You can't even see this mold most of the time! The mold creates a toxin called Bacillus cereus and other carcinogenic ones which cause digestive discomfort and liver cancer over time. Japan realized this in 1921 and passed a law called the Rice Act, which is why most Asians never eat leftover rice. Most people make a big batch of rice, store it in the fridge, and then eat it over a few days. But truth is, you shouldn't eat rice after it's been cooked for more than 24 hours! These bacteria can multiply and produce toxins that are resistant to reheating, so even when you heat the rice again, these toxins still make you sick! So never eat rice 24 hours after it was cooked—toss it out! You watched the whole thing? At least give a like! And don't forget to subscribe! I better see you next time!"",""hasAudio"":true}],""media.images"":[],""media.summary"":""VIDEO AUDIO TRANSCRIPT:\nI'm Rice, and these are the biggest dangers I cause you every single time you eat me. I know you eat me every other day and think I'm harmless, but I can't take it anymore! My conscience can't stay quiet, and it's time to expose the truth! Firstly, I am the fastest growing mold foods once it's been cooked. And what makes it worse? You can't even see this mold most of the time! The mold creates a toxin called Bacillus cereus and other carcinogenic ones which cause digestive discomfort and liver cancer over time. Japan realized this in 1921 and passed a law called the Rice Act, which is why most Asians never eat leftover rice. Most people make a big batch of rice, store it in the fridge, and then eat it over a few days. But truth is, you shouldn't eat rice after it's been cooked for more than 24 hours! These bacteria can multiply and produce toxins that are resistant to reheating, so even when you heat the rice again, these toxins still make you sick! So never eat rice 24 hours after it was cooked—toss it out! You watched the whole thing? At least give a like! And don't forget to subscribe! I better see you next time!\n\n---\n\nVIDEO VISUAL CONTENT:\nShows an animated bowl of rice with an evil/menacing facial expression under blue lighting. The bowl appears to be grinning sinisterly with rice grains as \""hair.\"" Text shows \""BIGGEST\"" at the bottom. TikTok watermark visible from @healthylivinglabs account.\nShows the same animated rice bowl character but now with a worried/frightened expression in a kitchen setting. Human hands are positioned defensively around the bowl. Partial text visible at bottom appears to say \""Ha ha ha ha ha! I know\"" suggesting dialogue or narration.\nContinuation of the kitchen scene with the animated rice bowl looking anxious/scared as hands hover protectively around it. Text shows \""STAY\"" at the bottom, indicating someone is telling the rice to stay put. Same TikTok account watermark present.\nShows the rice bowl character now in a refrigerator with a horrified expression, surrounded by what appears to be green mold growth on the rice. Text shows \""SCENE 3 - MOULD REVEAL (CLEAR & BOLD)\"" at top and \""MOLD\"" at bottom. This appears to be depicting spoiled rice with mold contamination."",""media.timeMs"":19809,""search.results"":""The viral video's claim that cooked rice **must be thrown out after 24 hours** is inaccurate and exaggerated; authoritative food safety sources state it can safely last **3-7 days** when refrigerated promptly and properly.\n\n### Key Contradictions to Video Claims\n- **Safe fridge storage duration**: Cooked rice can be stored refrigerated for **up to 7 days** (USA Rice Federation: https://www.usarice.com/thinkrice/how-to/how-to-store-rice)[1], **4-6 days** (Riceland Foods: https://www.riceland.com/the-riceland-blog/the-ultimate-guide-to-storing-and-reheating-rice-tips-tricks-from-riceland-foods)[2], or **3-4 days** (Consumer Reports/USDA guidelines: https://www.consumerreports.org/health/food-safety/is-leftover-rice-safe-to-eat-a8310482886/)[4]. No source supports a strict 24-hour limit.\n- **Bacillus cereus risk**: This bacterium (not a mold, as video misstates) grows if cooked rice sits at room temperature >2 hours (danger zone: 40-140°F), producing heat-stable toxins. Refrigerate within 2 hours to prevent this (Consumer Reports: https://www.consumerreports.org/health/food-safety/is-leftover-rice-safe-to-eat-a8310482886/)[4]; Foodsafety.org: https://www.foodsafety.org/question/cooked-rice-shelf-rice/)[5]. Reheat to 165°F kills active bacteria, though toxins persist if already formed[1][4].\n- **No \""fastest growing mold\"" or visible mold mandate**: Bacillus cereus is bacteria/spores, often invisible; mold is separate and visible (e.g., green growth). Rice doesn't inherently mold fastest among foods[4].\n- **No liver cancer/carcinogenic toxins from routine storage**: Video links Bacillus cereus and unnamed \""carcinogenic\"" molds to cancer without evidence. Bacillus cereus causes vomiting/diarrhea (fried rice syndrome), not cancer. Aflatoxin (fungal toxin) is a pre-cooking harvest risk minimized by regulations, not relevant to cooked leftovers (FDA via Foodsafety.org: https://www.foodsafety.org/question/cooked-rice-shelf-rice/)[5].\n- **No \""Rice Act\"" in Japan 1921**: Extensive checks find zero evidence of this law banning leftovers or explaining \""why most Asians never eat leftover rice.\"" It's a fabricated claim; Asian cuisines routinely use refrigerated leftovers when handled safely.\n\n### Best Practices (Direct from Sources)\n- Cool quickly (shallow pan to 70°F in 2 hours), refrigerate in airtight container within 2 hours[1][2][4].\n- Reheat to ≥165°F; freeze for longer storage (1-2 months)[1][2][4].\n- Discard if smells off, looks moldy, or sat out >2 hours[4][5].\n\nVideo from @healthylivinglabs promotes fear for engagement; follow USDA-aligned guidelines above for safety."",""search.citations"":[""https://www.usarice.com/thinkrice/how-to/how-to-store-rice"",""https://www.riceland.com/the-riceland-blog/the-ultimate-guide-to-storing-and-reheating-rice-tips-tricks-from-riceland-foods"",""https://extension.usu.edu/preserve-the-harvest/research/storing-white-rice"",""https://www.consumerreports.org/health/food-safety/is-leftover-rice-safe-to-eat-a8310482886/"",""https://www.foodsafety.org/question/cooked-rice-shelf-rice/""],""search.model"":""perplexity/sonar"",""scores.positiveEvidence"":{""score"":0.5,""reasoning"":""The note provides positive counter-evidence with specific USDA guidelines and safety temperatures, but also relies on negative framing by stating the 24-hour rule is 'false' and the 1921 Rice Act is 'fabricated' with 'no such law exists.'""},""scores.disagreement"":{""score"":1,""reasoning"":""The Community Note completely contradicts the original post's central claim by stating the 24-hour rule is false and that rice can safely be stored for 3-7 days when properly refrigerated.""},""scores.helpfulness"":{""score"":0.85,""reasoning"":""This note provides clear, factual corrections with authoritative sources (USDA, Consumer Reports) that directly contradict the main claims about 24-hour rice disposal and the fabricated 1921 Rice Act, while maintaining a neutral tone and offering practical food safety guidance.""},""scores.sourceQuality"":{""score"":0.7,""reasoning"":""Consumer Reports is a reputable, well-established publication known for reliable consumer safety information including food safety, making it a good secondary source for USDA food safety guidelines, though a direct USDA source would be more authoritative.""},""scores.breakingNewsRisk"":{""score"":1,""reasoning"":""The Community Note corrects misinformation about food safety guidelines and a fabricated law, both of which are settled facts with no time-sensitive or breaking news elements.""},""scores.pedantry"":{""score"":1,""reasoning"":""The Community Note directly refutes the tweet's core claim that rice must be thrown out after 24 hours, providing accurate food safety information that completely contradicts the main message.""},""scores.noteNotNeeded"":{""score"":0.7,""reasoning"":""The tweet makes a clear factual claim about a specific food safety rule (throwing rice out after 24 hours) that could mislead readers about proper food storage practices, even though it's presented as a personal discovery.""},""scores.tangentialCorrection"":{""score"":1,""reasoning"":""The Community Note directly addresses the core misleading claim about the 24-hour rice disposal rule by providing accurate USDA guidelines and debunking the fabricated law mentioned in the linked content.""},""scores.raterVerifiability"":{""score"":0.5,""reasoning"":""Failed to parse""},""scores.overconfidence"":{""score"":0.7,""reasoning"":""The note appropriately states definitive claims about well-established food safety guidelines and the non-existence of the fabricated law, with confidence levels that match the strength of available evidence.""},""outcome"":""rejected"",""outcomeReason"":""check_failed"",""finalStage"":""check"",""note.status"":""CORRECTION WITH TRUSTWORTHY CITATION"",""note.text"":""The 24-hour rule is false. USDA and food safety guidelines say properly refrigerated cooked rice is safe for 3-7 days, not 24 hours. Cool within 2 hours, store in airtight container, reheat to 165°F. The \""1921 Rice Act\"" mentioned is also fabricated—no such law exists. https://www.consumerreports.org/health/food-safety/is-leftover-rice-safe-to-eat-a8310482886/"",""note.url"":""https://www.consumerreports.org/health/food-safety/is-leftover-rice-safe-to-eat-a8310482886/"",""note.charCount"":361,""check.result"":""NO""}"
