note_id,tweet_id,is_helpful,submitted_at,tweet_age_at_submission_h,author_followers,author_tweet_count,impressions,likes,retweets,replies,quotes,bookmarks,has_video,has_photo,media_count
2055690177238966419,2055639713688490111,0,2026-05-16T16:41:45.788+00:00,3.3421633333333336,1386,461,24692,1873,935,42,30,17,0,1,1
2055698465045479744,2055615775650578769,0,2026-05-16T17:14:41.754+00:00,5.476320555555556,28738,125771,267342,1511,38,57,18,40,0,0,0
2055698471496384518,2055664633609134155,0,2026-05-16T17:14:43.292+00:00,2.2411922222222223,817260,186981,12574,591,298,32,15,112,1,0,1
2055705270496489804,2055657087573889279,0,2026-05-16T17:41:44.3+00:00,3.1911944444444442,2492861,194517,43698,868,257,47,12,307,1,0,1
2055705276460794324,2055681425118986260,0,2026-05-16T17:41:45.723+00:00,1.5796452777777779,1281,6090,1780,19,1,3,0,1,0,1,1
2055705280592146873,2055603063763726583,0,2026-05-16T17:41:46.708+00:00,6.7696411111111106,2333,19622,402582,4378,100,66,36,397,0,1,2
2055720255977304491,2055710924883804599,0,2026-05-16T18:41:17.117+00:00,0.6180880555555556,49011,737,1145,34,2,14,0,2,0,1,2
2055728429677391952,2055669534091100341,0,2026-05-16T19:13:45.88+00:00,3.900522222222222,8061,308,529498,1409,7,32,4,257,1,0,1
2055728436346228821,2055694926181187650,0,2026-05-16T19:13:47.469+00:00,2.2192969444444444,1090261,10024,28335,199,16,15,2,29,1,0,1
2055728440435691630,2055682006508323045,0,2026-05-16T19:13:48.444+00:00,3.075401111111111,292710,70258,53651,1089,179,217,14,20,0,0,0
2055736091433476200,2055698929614778586,0,2026-05-16T19:44:12.584+00:00,2.4612733333333336,55168,3202,6766,79,32,8,18,4,0,1,2
2055743190523576523,2055716198885543955,0,2026-05-16T20:12:25.14+00:00,1.7878166666666668,1282,4779,21468,53,6,15,2,34,0,0,0
2055743196173328883,2055683596069863550,0,2026-05-16T20:12:26.486+00:00,3.9473572222222226,454310,83612,89670,2790,339,209,38,236,0,0,0
2055751200033665507,2055679428680614234,0,2026-05-16T20:44:14.755+00:00,4.753265277777778,116933,79351,18283,3757,1151,142,22,23,0,0,0
2055757875947958772,2055739465528651855,0,2026-05-16T21:10:46.417+00:00,1.2192825,4072,132624,258,7,6,2,0,0,0,1,1
2055757880981164174,2055746929188098185,0,2026-05-16T21:10:47.617+00:00,0.7254491666666667,54,712,45,2,0,0,0,0,0,0,0
2055757884227568127,2055688514600104356,0,2026-05-16T21:10:48.391+00:00,4.594275277777777,27049,12686,334267,3565,172,268,61,117,0,1,1
2055764810449530956,2055747640713712069,0,2026-05-16T21:38:19.731+00:00,1.1371475,15144711,399810,3990,12,3,9,1,2,0,0,0
2055764815612661960,2055634376403411123,0,2026-05-16T21:38:20.962+00:00,8.638878333333333,322183,8556,705096,6606,1307,470,74,788,1,0,1
2055772316500668588,2055716333560443334,0,2026-05-16T22:08:09.314+00:00,3.707865,2891,232,289654,2470,111,81,42,309,0,1,2
2055772322368491973,2055752752920252561,0,2026-05-16T22:08:10.712+00:00,1.296308888888889,7658,122812,20729,95,11,7,4,14,0,1,1
2055772329188491720,2055719107912204446,0,2026-05-16T22:08:12.338+00:00,3.524816111111111,7658,122812,127257,1074,77,58,15,173,0,1,1
2055772333743517952,2055749127468695578,1,2026-05-16T22:08:13.424+00:00,1.537062222222222,1749279,32532,143647,6626,1328,752,78,97,0,0,0
2055779448549728713,2055689601969230151,0,2026-05-16T22:36:29.727+00:00,5.950479722222222,444469,85300,331569,7599,3911,168,64,281,1,0,1
2055779454950199359,2055680047537930562,0,2026-05-16T22:36:31.252+00:00,6.583681111111111,13159,335,20456,40,6,21,2,16,1,0,1
2055795083740361081,2055738616715059617,0,2026-05-16T23:38:37.447+00:00,3.739846388888889,30576,2424,526380,1433,89,261,211,291,0,1,1
2055802859719897347,2055745188727775516,0,2026-05-17T00:09:31.384+00:00,3.819551111111111,169825,63196,813648,4057,465,324,46,497,1,0,1
2055802865663254931,2055778019243950454,0,2026-05-17T00:09:32.801+00:00,1.6457780555555557,550817,64291,41892,178,3,18,11,8,1,0,1
2055802871996715338,2055793010370306556,0,2026-05-17T00:09:34.311+00:00,0.6531419444444445,333003,62151,19658,458,11,91,14,29,0,1,1
2055802876761358579,2055709029515612529,0,2026-05-17T00:09:35.447+00:00,6.215401944444444,19121,48591,1305058,6429,124,24,11,437,0,1,4
2055802881467453702,2055737765015277933,0,2026-05-17T00:09:36.569+00:00,4.312658055555556,2863096,13440,69164,1424,110,97,9,32,0,0,0
2055802887628874169,2055770333559636432,0,2026-05-17T00:09:38.039+00:00,2.156121944444444,553204,94309,338981,2973,405,379,30,162,0,0,0
2055821076186202450,2055803413015978468,0,2026-05-17T01:21:54.528+00:00,1.1698688888888888,1477905,133567,47321,4015,1027,170,46,79,0,1,1
2055821082062450788,2055806619032711447,0,2026-05-17T01:21:55.929+00:00,0.9580358333333333,264590,163164,8708,142,2,26,1,11,0,0,0
2055821086256771283,2055727352961745233,0,2026-05-17T01:21:56.929+00:00,6.207758055555556,51243,28696,1266792,5250,512,206,80,1242,0,0,0
2055821090182582778,2055790480961450433,0,2026-05-17T01:21:57.865+00:00,2.027184722222222,6600,8802,5651,93,4,32,0,1,0,1,1
2055839345207026117,2055739025508425857,1,2026-05-17T02:34:30.202+00:00,6.643945,375799,4858,336992,8532,761,126,47,458,1,0,1
2055858362726653971,2055807289227948224,0,2026-05-17T03:50:04.332+00:00,3.3825922222222222,18051,48368,40443,254,27,22,9,26,1,0,1
2055858367550140856,2055808388303392934,0,2026-05-17T03:50:05.482+00:00,3.3101338888888887,18051,48368,4210,46,3,2,0,6,0,1,1
2055858371564122459,2055773686519464122,0,2026-05-17T03:50:06.44+00:00,5.608733333333333,1753473,121440,642853,6176,158,139,68,268,0,1,2
2055882029154136473,2055833251906994301,1,2026-05-17T05:24:06.848+00:00,3.230513333333333,17432,4473,880127,2021,80,375,105,529,0,1,1
2055882035038765147,2055807908760473754,0,2026-05-17T05:24:08.251+00:00,4.909236388888889,2763,9962,207323,437,1,135,0,9,0,0,0
2055882039606354356,2055844200521122274,0,2026-05-17T05:24:09.34+00:00,2.506205555555556,5188,1645,1359,25,2,0,2,5,0,1,2
2055882044102590888,2055828681654751502,0,2026-05-17T05:24:10.412+00:00,3.534281111111111,300968,54428,123640,2713,115,171,84,54,0,1,1
2055882049064505577,2055799072121090141,0,2026-05-17T05:24:11.595+00:00,5.495443055555556,672611,9808,565807,14553,1368,137,44,591,1,0,1
2055916879709966647,2055834657346802144,0,2026-05-17T07:42:35.868+00:00,5.445518888888889,30,82,12414,215,8,9,0,44,1,0,1
2055916884491481407,2055669948807065992,0,2026-05-17T07:42:37.009+00:00,16.354169166666665,1571,24754,1123529,13020,346,212,133,701,0,1,2
2055931239031255116,2055866829785186310,0,2026-05-17T08:39:39.398+00:00,4.265666111111111,3122,6066,86756,549,83,62,36,76,1,0,1
2055943162904858726,2055746016523993471,0,2026-05-17T09:27:02.271+00:00,13.056741944444445,108907,76417,36441,1575,651,207,43,87,0,1,1
2055943167833153569,2055702070510932016,0,2026-05-17T09:27:03.446+00:00,15.967346111111112,10898,48239,324591,14835,1488,208,45,1195,0,0,0
2055943171276705973,2055806897538621706,0,2026-05-17T09:27:04.267+00:00,9.025074166666666,264924,163186,93501,960,14,74,12,181,0,0,0
2055953510663967070,2055684289526690077,0,2026-05-17T10:08:09.368+00:00,17.829824444444444,3115,231,2513075,15280,382,405,69,819,0,1,2
2055953515298664789,2055658224104399245,0,2026-05-17T10:08:10.473+00:00,19.55652027777778,522,923,562139,32679,6073,287,45,1482,0,0,0
2055963983841317277,2055902388427358310,0,2026-05-17T10:49:46.368+00:00,4.079546666666666,4166,3216,108661,1859,666,284,56,157,1,0,1
2055963991198068810,2055697921413365921,0,2026-05-17T10:49:48.123+00:00,17.621145277777778,3488816,230411,271013,965,193,63,7,46,1,0,1
2055970558706102577,2055956117058965563,0,2026-05-17T11:15:53.939+00:00,0.9566497222222222,2585463,160172,58475,522,173,22,34,49,0,0,1
2055992112311566445,2055938220047675724,0,2026-05-17T12:41:32.719+00:00,3.5693663888888887,442349,45948,4672,29,11,8,0,16,1,0,1
2056000041748213828,2055930163607605381,0,2026-05-17T13:13:03.243+00:00,4.628123055555555,27467,433,101354,1611,353,66,26,111,0,1,2
2056030003410722830,2055978141529637299,0,2026-05-17T15:12:06.661+00:00,3.4349058333333335,549230,31571,15149,643,117,47,4,14,0,1,2
2056030009102315827,2055996045054599312,0,2026-05-17T15:12:08.017+00:00,2.2494491666666665,48582,1297,66344,1430,91,87,9,58,0,1,1
2056044876169363627,2056009469990170819,0,2026-05-17T16:11:12.625+00:00,2.344895833333333,29210,10128,160269,1711,45,41,10,63,0,1,1
2056044881999528242,2055923628651217112,0,2026-05-17T16:11:13.992+00:00,8.030553333333334,8747749,126067162,1452,0,1,14,1,0,0,0,0
2056053651316322628,2056019433215463432,0,2026-05-17T16:46:04.761+00:00,2.2663225000000002,101007,84478,16135,116,17,16,1,48,0,0,0
2056053657494507761,2056009835301269732,0,2026-05-17T16:46:06.233+00:00,2.9022869444444446,1911687,108176,80434,1593,572,261,23,18,0,0,0
2056059918818373969,2055998990726873581,0,2026-05-17T17:10:59.05+00:00,4.035291666666667,572432,37791,466864,3212,241,1650,286,51,0,0,0
2056059924803629087,2056026119451619398,0,2026-05-17T17:11:00.476+00:00,2.239021111111111,231551,49694,10086,512,131,60,8,19,1,0,1
2056067398210609416,2056009320597196835,0,2026-05-17T17:40:42.276+00:00,3.8464655555555556,25013,21859,86874,3748,398,71,6,49,0,1,2
2056074781749899439,2056018371238379767,0,2026-05-17T18:10:02.648+00:00,3.736013333333333,8831,123422,44111,968,154,19,3,15,0,1,2
2056074786480984264,2056049130179346868,0,2026-05-17T18:10:03.776+00:00,1.6993822222222221,16649,61007,24593,753,50,8,0,9,0,1,2
2056090998007341262,2056053193847529853,0,2026-05-17T19:14:28.906+00:00,2.503862777777778,456022,17758,108745,3466,1700,585,253,215,0,1,2
2056091007863980286,2056033251504865634,0,2026-05-17T19:14:31.255+00:00,3.825070833333333,28,1062,1867,8,0,5,0,0,0,1,1
2056099396660437060,2056046863044760035,1,2026-05-17T19:47:51.3+00:00,3.47925,2793382,35149,115606,4053,531,142,22,424,1,0,1
2056099401643266078,2056081137953390965,0,2026-05-17T19:47:52.489+00:00,1.2095802777777778,34018,190526,186,17,0,3,1,0,0,0,0
2056099405309034498,2056076165010293113,0,2026-05-17T19:47:53.363+00:00,1.5392675,170056,63237,3271,177,48,12,5,12,1,0,1
2056099408974856323,2055998693015220318,0,2026-05-17T19:47:54.237+00:00,6.670343611111111,574297,55578,83726,1848,168,35,9,15,0,1,1
2056099412699451861,2056011265244295169,0,2026-05-17T19:47:55.124+00:00,5.837812222222222,4572,96612,9991,113,6,41,2,1,0,0,0
2056106450448199984,2056095572629639202,0,2026-05-17T20:15:53.054+00:00,0.7205705555555556,101185,379332,248,13,4,1,0,5,1,0,1
2056111491963576547,2056023300065898747,0,2026-05-17T20:35:55.045+00:00,5.840845833333333,15554,614,42558,1457,580,124,38,56,0,1,1
2056119711780274657,2056097611279667708,1,2026-05-17T21:08:34.802+00:00,1.4638338888888889,448156,13268,20259,723,53,40,17,116,0,1,1
2056119716477816930,2056057033401528796,0,2026-05-17T21:08:35.923+00:00,4.1513675,330558,18672,17430,1847,458,271,8,16,0,1,1
2056134851611525581,2056089872302010849,0,2026-05-17T22:08:44.42+00:00,2.9790055555555557,2114,10000,12982,3,0,2,8,0,0,1,2
2056141806111432796,2056115243789455549,0,2026-05-17T22:36:22.502+00:00,1.7593061111111112,468203,92492,14016,523,77,94,8,11,1,1,2
2056141812725915705,2056072922846896312,0,2026-05-17T22:36:24.078+00:00,4.562521666666667,878004,56620,237037,2181,314,367,28,78,1,0,1
2056141817738096649,2056042893484187694,1,2026-05-17T22:36:25.273+00:00,6.5517425000000005,330531,18695,80315,9448,1633,1618,162,29,0,1,2
2056150170018971995,2056094395225800850,0,2026-05-17T23:09:36.613+00:00,3.6940591666666664,703971,492783,9421,520,339,75,29,21,0,1,1
2056158476590588039,2056109939433644134,0,2026-05-17T23:42:37.054+00:00,3.2147372222222224,30545,5800,75373,6225,1532,236,83,555,0,1,1
2056158481439216050,2056086454346948879,0,2026-05-17T23:42:38.21+00:00,4.770336111111111,4303,1923,237524,57,5,0,43,43,0,1,1
2056165283279069282,2056162640372605253,0,2026-05-18T00:09:39.894+00:00,0.17524833333333334,4649,2511,113,3,1,8,0,0,0,1,1
2056165290212208841,2056020285858443509,0,2026-05-18T00:09:41.548+00:00,9.603485555555556,22100,37203,225307,5137,1014,97,22,821,0,1,4
2056183299496616130,2056129884842258722,1,2026-05-18T01:21:15.296+00:00,3.5375822222222224,1637936,166929,524678,597,41,89,26,331,1,0,1
2056183304341147739,2056166854008221749,0,2026-05-18T01:21:16.451+00:00,1.0895697222222223,787401,21554,143437,2019,42,75,24,253,1,0,1
2056183308090830968,2056104769723527391,0,2026-05-18T01:21:17.345+00:00,5.201484722222222,12233,27789,412857,2394,12,49,15,103,0,1,2
2056183311676866829,2056141900420116994,0,2026-05-18T01:21:18.2+00:00,2.7428333333333335,878027,56648,38626,2157,1009,158,34,88,1,0,1
2056198937527099778,2056183839932784820,0,2026-05-18T02:23:23.692+00:00,0.9999144444444444,483,486,322,0,0,1,0,0,0,1,1
2056220747853595018,2056173575548154132,0,2026-05-18T03:50:03.68+00:00,3.1243555555555558,4075770,188816,107090,5643,975,235,19,22,0,0,0
2056220755906691207,2056196748867985478,0,2026-05-18T03:50:05.599+00:00,1.5901663888888888,14981,5390,3581,127,6,4,0,1,0,0,0
2056220761598345248,2056175329262145767,0,2026-05-18T03:50:06.976+00:00,3.0088822222222222,62444,1834,31756,1435,74,9,5,86,0,1,2
2056220767608783151,2056152494305419773,0,2026-05-18T03:50:08.389+00:00,4.521774722222222,4201,184,437029,5104,1031,192,51,150,1,1,2
2056245311731909109,2056124444205277547,0,2026-05-18T05:27:40.164+00:00,8.004767777777777,101683,36486,707205,5100,643,687,168,778,0,1,1
2056245316991562095,2056130876459581697,0,2026-05-18T05:27:41.419+00:00,7.579283055555556,887637,58051,355969,13879,7160,1494,533,2258,1,0,1
2056245321793986602,2056228873147134004,0,2026-05-18T05:27:42.563+00:00,1.0896008333333334,1214,12120,15,0,0,2,0,0,0,0,0
2056245325854106001,2056121590098604207,0,2026-05-18T05:27:43.531+00:00,8.194869722222222,3613,37497,76083,1,0,3,1,0,0,0,0
2056290775818719470,2056266826955313361,0,2026-05-18T08:28:19.648+00:00,1.586291111111111,14163,2153,9121,161,35,17,3,10,1,0,1
2056376981374083362,2056360110302085291,0,2026-05-18T14:10:52.653+00:00,1.117403611111111,5293,4618,3420,112,16,6,10,27,1,0,1
2056376987850002662,2056333147285983332,0,2026-05-18T14:10:54.197+00:00,2.903665833333333,2608547,11182,71116,516,16,18,1,48,0,1,2
2056376992191127581,2056364158774301048,0,2026-05-18T14:10:55.233+00:00,0.8500647222222223,383160,84469,7359,292,26,9,2,4,0,0,0
2056376996419014856,2056292005047672971,0,2026-05-18T14:10:56.241+00:00,5.628955833333334,4415274,115567,341508,4104,219,568,84,273,0,1,1
2056396666094190694,2056371908086542678,0,2026-05-18T15:29:05.856+00:00,1.6396822222222223,3235097,89062,1416788,16399,1338,1441,8180,2678,0,1,2
2056396671022510490,2056344046977568996,0,2026-05-18T15:29:07.031+00:00,3.485286388888889,239039,68747,140492,7434,3919,208,157,1524,1,0,1
2056396675409658182,2056314635628720563,0,2026-05-18T15:29:08.077+00:00,5.433354722222223,284230,73824,141582,8659,3883,219,359,554,1,0,1
2056440998805356989,2056419188475056145,0,2026-05-18T18:25:15.598+00:00,1.4446105555555555,2472,9660,1610,21,3,31,1,4,0,1,1
2056452565081178538,2056442516417675638,1,2026-05-18T19:11:13.213+00:00,0.6656147222222223,13035408,243346,143975,867,61,104,41,183,1,0,1
2056464283538481385,2056447758173704336,0,2026-05-18T19:57:47.111+00:00,1.0944752777777778,106960,18619,18673,853,110,37,18,44,0,1,1
2056464289037209838,2056433983009739014,0,2026-05-18T19:57:48.422+00:00,2.0073394444444443,24762,1799,484049,1977,151,265,192,261,1,0,1
2056464292757610843,2056409191871308230,0,2026-05-18T19:57:49.309+00:00,3.6492525,2344140,16538,72235,4015,1617,219,53,175,0,0,0
2056474027540054044,2056468249865314478,0,2026-05-18T20:36:30.262+00:00,0.3828505555555555,167844,54139,40590,151,2,15,1,0,0,0,0
2056492570436403372,2056385887106158925,0,2026-05-18T21:50:11.233+00:00,7.065620277777778,298,669,777752,906,47,150,18,88,0,1,1
2056492576698491165,2056469283945803786,0,2026-05-18T21:50:12.726+00:00,1.5427016666666666,170010,63370,13895,384,103,66,5,24,1,0,1
2056492580825629021,2056457281319981367,0,2026-05-18T21:50:13.711+00:00,2.337975277777778,72788,120838,403296,698,95,60,8,93,0,1,2
2056492584487239909,2056439172873744763,0,2026-05-18T21:50:14.584+00:00,3.5373844444444447,2816991,4603,167554,1100,47,62,6,165,1,0,1
2056498230330802406,2056385434171953616,0,2026-05-18T22:12:40.658+00:00,7.470460555555555,965250,80807,25072,637,32,76,6,7,0,0,0
2056498236383236370,2056439939571601426,0,2026-05-18T22:12:42.101+00:00,3.860861388888889,191562,301545,44724,827,86,28,4,34,0,1,1
2056498240845926431,2056290551683481771,0,2026-05-18T22:12:43.164+00:00,13.754767777777777,8573,100650,13980213,15233,419,618,93,1240,0,1,2
2056504843246735600,2056335382820872257,0,2026-05-18T22:38:57.299+00:00,11.22313861111111,79421,49068,78787,267,58,294,77,163,1,0,1
2056504849064136925,2056427095161483302,0,2026-05-18T22:38:58.686+00:00,5.149635000000001,48269,2230,1786209,45518,474,686,69,733,0,0,0
2056504852914557064,2056396622184284221,0,2026-05-18T22:38:59.604+00:00,7.167945555555556,41184,62072,5357,308,134,101,6,11,0,1,1
2056520782470070528,2056510196139352444,0,2026-05-18T23:42:17.506+00:00,0.7012516666666666,99884,143880,710,19,10,3,1,0,0,0,0
2056528614787809436,2056503032377188453,0,2026-05-19T00:13:24.876+00:00,1.69441,66830,1732,1032,70,37,3,1,5,1,0,1
2056528621679034757,2056486444718575966,0,2026-05-19T00:13:26.519+00:00,2.7934775000000003,27904,7424,4563,98,36,35,6,40,1,1,2
2056528626045342051,2056481447998038260,0,2026-05-19T00:13:27.561+00:00,3.1246002777777777,23807,16884,16860,590,106,35,2,5,0,1,2
2056547073978454092,2056489139269181894,0,2026-05-19T01:26:45.89+00:00,3.8369138888888887,75057,94363,96732,1717,69,633,6,25,0,1,1
2056547082660671889,2056520536721924487,0,2026-05-19T01:26:47.961+00:00,1.7583225,336,13607,3256,4,0,6,0,0,0,1,1
2056561369189593394,2056470772663677361,0,2026-05-19T02:23:34.135+00:00,6.0000374999999995,18062,72842,1088579,10157,241,157,30,1761,0,1,1
2056561375443394775,2056466315385163802,0,2026-05-19T02:23:35.625+00:00,6.295729166666667,3838,78685,607684,5670,337,118,121,1436,1,0,1
2056561379994227126,2056531645210173771,0,2026-05-19T02:23:36.71+00:00,1.969363888888889,252948,70971,19945,673,80,49,3,82,0,1,1
2056583202446234038,2056510140640366917,0,2026-05-19T03:50:19.589+00:00,4.838774722222222,1472050,134922,320976,1882,203,114,2,201,1,0,1
2056628628738527505,2056614377504022759,0,2026-05-19T06:50:50.06+00:00,0.9439055555555556,36671,9982,865,33,11,5,0,5,0,0,0
2056628635071852954,2056476454527885811,0,2026-05-19T06:50:51.571+00:00,10.078769722222223,5647,24335,442453,7059,968,221,54,305,0,1,2
2056669177944113493,2056608167153598535,0,2026-05-19T09:31:57.744+00:00,4.040762222222223,4486,26421,168043,1010,52,49,3,93,0,1,1
2056689133796368737,2056651140046233895,0,2026-05-19T10:51:15.591+00:00,2.516275277777778,16,114,49,0,0,0,0,0,0,0,0
2056689139223830918,2056682248800219213,0,2026-05-19T10:51:16.884+00:00,0.4563566666666667,685606,117896,1585,15,3,3,0,3,0,1,1
2056689143594267071,2056636315190603789,0,2026-05-19T10:51:17.927+00:00,3.498868611111111,29493,10185,91998,1595,115,46,3,81,0,1,2
2056704632387191210,2056508713892970822,1,2026-05-19T11:52:50.742+00:00,12.975206111111111,3406,239,2326332,3415,179,280,114,674,0,1,2
2056704637550449068,2056535138402779211,0,2026-05-19T11:52:51.973+00:00,11.225548055555555,59956,47769,244452,24038,7183,949,144,911,1,0,1
2056704641061077109,2056652450384449918,0,2026-05-19T11:52:52.81+00:00,3.4566138888888887,7372,391884,408,38,20,6,1,0,0,0,0
2056723904442282042,2056703715608797562,0,2026-05-19T13:09:25.558+00:00,1.3370994444444444,5938,36469,323,5,0,6,0,0,0,0,0
2056723908611449256,2056689188569747755,1,2026-05-19T13:09:26.552+00:00,2.2995977777777776,1880,235,566629,2666,81,388,78,1097,1,0,1
2056740302992343421,2056719071345791123,0,2026-05-19T14:14:35.277+00:00,1.4061880555555555,89799,58591,177461,237,11,9,3,60,0,0,0
2056758952000397554,2056703188934287565,0,2026-05-19T15:28:41.547+00:00,3.6932075,10831,53608,1099620,4694,210,207,45,377,0,1,2
2056776512037171529,2056756827359211859,0,2026-05-19T16:38:28.186+00:00,1.3039405555555554,2284,2795,15228,718,52,3,18,62,0,1,1
2056803887428833560,2056770228571271464,0,2026-05-19T18:27:14.988+00:00,2.2291633333333336,14214,346,22303,712,410,92,38,80,0,1,1
2056803893615505758,2056783323360346200,0,2026-05-19T18:27:16.463+00:00,1.3623508333333332,330480,18880,45683,456,102,95,11,34,0,1,1
2056816737266671900,2056789815430197406,0,2026-05-19T19:18:18.629+00:00,1.7832302777777778,6618,25317,61423,975,57,104,23,61,0,1,1
2056839377104380112,2056777842164170982,0,2026-05-19T20:48:16.387+00:00,4.075385277777778,23757,5920,87973,2182,130,10,13,166,1,0,1
2056839383718699420,2056796236980641912,0,2026-05-19T20:48:17.963+00:00,2.8577675,4499949,88225,123927,1291,285,221,18,320,1,0,1
2056846882194784711,2056790727695139268,0,2026-05-19T21:18:05.739+00:00,3.7190941666666664,10288,14161,1023580,4550,122,84,19,775,0,0,0
2056855533668192375,2056789929590759821,0,2026-05-19T21:52:28.411+00:00,4.344836388888889,103122,19453,299717,12547,3931,124,55,332,1,0,1
2056855542153330718,2056822218571518172,0,2026-05-19T21:52:30.434+00:00,2.207065,4304,53065,3481,40,0,6,1,6,1,0,1
2056865304030937452,2056848111067148768,0,2026-05-19T22:31:17.847+00:00,1.138846388888889,309663,65721,15817,676,233,133,23,23,1,0,1
2056872477108670602,2056829681937142052,0,2026-05-19T22:59:48.042+00:00,2.834456111111111,7976,109557,540,8,0,6,0,0,0,0,0
2056872483622354953,2056761759365546277,0,2026-05-19T22:59:49.596+00:00,7.333221111111111,11477,14014,1618260,4033,473,417,331,415,0,1,1
2056872487892255141,2056839792797647114,0,2026-05-19T22:59:50.613+00:00,2.1654480555555558,724408,25515,166404,2222,67,109,39,117,0,1,2
2056900944567111955,2056891161495924983,0,2026-05-20T00:52:55.213+00:00,0.6481147222222223,4146944,121015,36909,2651,465,596,21,43,0,1,1
2056913649168425087,2056837504922194008,0,2026-05-20T01:43:24.226+00:00,5.042840555555555,168483,186,772059,80,7,11,18,10,0,1,1
2056925429710086381,2056875914299113589,1,2026-05-20T02:30:12.927+00:00,3.2794241666666664,5896,36503,464569,1557,158,131,20,303,0,1,4
2056947037648597107,2056919349416378500,0,2026-05-20T03:56:04.66+00:00,1.8337944444444445,190712,58353,4707,156,48,17,1,21,0,1,1
2057012548319293917,2056948176431751205,0,2026-05-20T08:16:23.621+00:00,4.2632280555555555,149081,21544,62147,1279,466,189,30,60,1,0,1
2057032521724944621,2056842077460386248,0,2026-05-20T09:35:45.653+00:00,12.612681388888888,1267029,15571,1673398,11867,1475,170,89,2382,1,0,1
2057048148900761911,2057034910184214673,0,2026-05-20T10:37:51.462+00:00,0.876795,105680,46098,4757,412,147,62,14,32,1,0,1
2057048154953101683,2056918765355299322,0,2026-05-20T10:37:52.904+00:00,8.569139999999999,9271,216615,80680,432,18,34,1,23,0,0,0
2057066156562018476,2057045677658497033,0,2026-05-20T11:49:24.823+00:00,1.3563397222222222,307,684,29488,38,5,50,4,11,0,1,1
2057079760761528477,2056991091724091774,1,2026-05-20T12:43:28.316+00:00,5.8725877777777775,6276,4966,817311,2319,166,159,129,3812,1,0,1
2057094796779429975,2056998490635685904,0,2026-05-20T13:43:13.182+00:00,6.378106111111111,82892,20727,401334,807,45,53,8,36,0,1,1
2057094802886320345,2056947380126122153,0,2026-05-20T13:43:14.639+00:00,9.763510833333335,12269,25963,810100,273,32,162,118,87,1,0,1
2057110493832036428,2057085617515733134,0,2026-05-20T14:45:35.651+00:00,1.6476808333333333,1587,171958,20006,133,4,8,1,0,0,0,0
2057110499028787576,2057084915125227926,0,2026-05-20T14:45:36.891+00:00,1.6944141666666666,751758,21545,16162,3315,1015,28,7,58,0,1,2
2057222084082679996,2057180043332219055,0,2026-05-20T22:09:00.841+00:00,2.784400277777778,4081,18139,272713,2231,95,101,21,286,0,1,3
2057222088780292519,2057115605824667742,0,2026-05-20T22:09:01.96+00:00,7.052211111111111,761274,17340,692867,45565,14733,3801,929,843,0,1,1
2057232018178728340,2057203578176192978,0,2026-05-20T22:48:29.313+00:00,1.8836980555555556,256042,46160,9283,84,2,27,0,1,0,0,0
2057232025745289346,2057198609071002066,0,2026-05-20T22:48:31.117+00:00,2.2133658333333335,57591,43845,1572,15,4,4,2,1,1,0,1
2057239435662746049,2057105681707409412,0,2026-05-20T23:17:57.779+00:00,8.858271944444445,240060263,102880,31518488,323480,55415,7424,1016,16414,0,0,0
2057247809829560332,2057177310307205596,0,2026-05-20T23:51:14.336+00:00,4.6692599999999995,4863,15898,202381,1369,59,88,21,669,1,0,1
2057247814665568529,2057055081426460698,0,2026-05-20T23:51:15.49+00:00,12.764302777777777,308823,308997,562692,301,74,47,128,87,0,0,0
2057272018546880858,2057222416372298151,1,2026-05-21T01:27:26.145+00:00,3.285040277777778,17002,139622,167299,1006,105,118,69,468,0,1,1
2057272022753771944,2057236583703880169,0,2026-05-21T01:27:27.147+00:00,2.3472630555555556,299615,30876,90922,4171,347,167,24,477,0,1,2
2057272026365129040,2057202121104048227,0,2026-05-21T01:27:28.008+00:00,4.629724444444445,98716,121091,110213,5246,743,766,109,43,0,1,1
2057272030748148060,2057218718262800677,0,2026-05-21T01:27:29.053+00:00,3.5308480555555555,150830,22642,267743,6675,532,111,83,269,0,0,0
2057285891400303075,2057213266154164439,0,2026-05-21T02:22:33.691+00:00,4.809914166666666,2098,13875,117975,4321,474,52,10,271,0,1,2
2057308464955695192,2057191714595516763,0,2026-05-21T03:52:15.645+00:00,7.732123611111112,209030,41795,5909060,7967,716,1054,5178,2608,0,1,2
2057308471154835922,2057283921067540634,0,2026-05-21T03:52:17.123+00:00,1.6261452777777776,15502,42488,1949,221,11,2,1,0,0,0,0
2057330697744871848,2057298805104562213,0,2026-05-21T05:20:36.355+00:00,2.1123208333333334,26416,8203,14018,231,22,87,7,10,1,0,1
2057330701683265657,2057264081791254683,0,2026-05-21T05:20:37.294+00:00,4.412303888888889,230989,11003,219937,3588,78,64,8,624,1,0,1
2057351846944280701,2057270996919534034,1,2026-05-21T06:44:38.718+00:00,5.354643888888889,4233,42111,5336,52,4,197,8,3,0,1,2
2057372801967833366,2057278851852489177,0,2026-05-21T08:07:54.786+00:00,6.222162777777778,73831,49789,18043,78,2,5,0,43,1,0,1
2057372807474917584,2057344687242133646,0,2026-05-21T08:07:56.097+00:00,1.8625269444444443,556209,8731,44153,84,17,16,0,20,1,0,1
2057372811241406848,2057254997893521759,1,2026-05-21T08:07:56.995+00:00,7.802498611111111,1204,2665,691141,15161,309,127,137,3004,1,0,1
2057393458348794002,2057205290144022975,1,2026-05-21T09:29:59.65+00:00,12.462125,122825,48837,314350,3779,549,301,181,81,0,0,0
2063348744955867371,2063297889242059071,1,2026-06-06T19:54:10.621+00:00,3.3682280555555555,148838,38955,167858,2222,132,68,12,243,0,1,1
2063358187924008991,2063350554122752107,0,2026-06-06T20:31:42+00:00,0.5058333333333334,7301,43251,283,20,2,1,1,0,0,0,0
2063364937133531139,2063353070545785113,0,2026-06-06T20:58:31.137+00:00,0.7861491666666667,4877,76973,6,0,0,1,0,0,0,1,1
2063364944209265133,2063302651463283013,0,2026-06-06T20:58:32.824+00:00,4.125506666666666,4184,3120,436,8,5,3,0,3,0,1,2
2063372783367635275,2063267165776855420,0,2026-06-06T21:29:41.824+00:00,6.994951111111111,4334469,471116,2109660,2527,163,185,42,324,1,0,1
2063379536566210614,2063266003270717688,0,2026-06-06T21:56:31.913+00:00,7.5191425,476471,174992,21939,357,75,66,26,121,1,0,1
2063379541888794883,2063365434384978177,0,2026-06-06T21:56:33.182+00:00,0.934495,37181,118523,3300,27,3,19,0,2,0,1,1
2063394502765576612,2063364222306627749,0,2026-06-06T22:56:00.132+00:00,2.005592222222222,371847,15052,7314,217,86,41,10,11,1,0,1
2063420009523626370,2063354257781199123,0,2026-06-07T00:37:21.418+00:00,4.354838333333333,84325,16522,33396,159,29,371,11,11,0,0,0
2063420015785746709,2063348482853716038,0,2026-06-07T00:37:22.91+00:00,4.737475,3,146,25885,290,1,6,0,4,0,0,0
2063435430561767768,2063367374808510698,0,2026-06-07T01:38:38.08+00:00,4.507244444444445,57284,27646,59265,1459,200,15,31,45,0,1,1
2063435436865790054,2063381476872495242,0,2026-06-07T01:38:39.582+00:00,3.5737727777777777,15034,4655,73265,426,20,50,10,251,1,0,1
2063453488755982562,2063354624988565593,0,2026-06-07T02:50:23.488+00:00,6.547635555555556,605395,48489,417575,8114,1982,159,90,431,1,0,1
2063453498444783625,2063397026281201848,0,2026-06-07T02:50:25.798+00:00,3.7402216666666668,802,21492,5934,651,159,38,4,18,0,1,2
2063453503201095996,2063408786057146680,0,2026-06-07T02:50:26.932+00:00,2.961647777777778,1556,8052,15022,47,8,12,2,7,0,0,0
2063475415621198208,2063405365924925924,0,2026-06-07T04:17:31.261+00:00,4.639239166666666,9477,85457,715099,1006,3,24,1,83,0,0,0
2063522859184451818,2063466657943871996,0,2026-06-07T07:26:02.688+00:00,3.7221355555555555,4004,75,1692,41,10,4,2,2,1,0,2
2063541893926187496,2063420639566864428,0,2026-06-07T08:41:40.923+00:00,8.030534166666666,36794,1621,3323,159,46,10,4,19,1,0,1
2063541901555609982,2063407825775100289,0,2026-06-07T08:41:42.742+00:00,8.879650555555555,14031,1338,23318,51,1,5,0,2,0,0,0
2063560985420484910,2063544495975612839,1,2026-06-07T09:57:32.691+00:00,1.0921363888888889,1176458,64611,6926,164,53,16,3,21,1,0,1
2063560990747238410,2063497431258726895,0,2026-06-07T09:57:33.961+00:00,4.209433611111111,252476,39538,77556,277,35,104,6,11,1,0,1
2063574636260933821,2063510272208228750,0,2026-06-07T10:51:47.304+00:00,4.262862222222222,6879,54563,6449,203,31,7,0,38,1,0,1
2063574641650671933,2063535090320228840,0,2026-06-07T10:51:48.59+00:00,2.6196083333333333,8794698,128255688,2353,1,0,0,0,1,0,0,0
2063574645521936546,2063482292517949731,0,2026-06-07T10:51:49.512+00:00,6.116531111111111,17344,58976,1938,221,84,39,3,5,0,0,1
2063595784097169629,2063498835381346344,0,2026-06-07T12:15:49.341+00:00,6.420928055555556,184313,845268,1306,126,86,11,1,4,0,1,1
2063595791055520030,2063471007005127144,0,2026-06-07T12:15:51.001+00:00,8.264166944444444,4055,4278,216748,3940,395,809,38,423,1,0,1
2063595797053309144,2063560614388126126,0,2026-06-07T12:15:52.431+00:00,2.3301197222222223,354097,76297,41692,34,9,7,0,6,1,0,1
2063618174306722021,2063523568722333899,1,2026-06-07T13:44:47.584+00:00,6.265717777777778,185277,59295,10143,402,140,38,6,24,0,0,0
2063618184821788822,2063561209064915033,0,2026-06-07T13:44:50.09+00:00,3.7733583333333334,39554,13008,20032,249,8,124,6,27,0,1,1
2063630268741931499,2063565196476453102,0,2026-06-07T14:32:51.122+00:00,4.309756111111111,354499,76323,564681,414,33,75,3,154,1,0,1
2063630276446826971,2063562603511562610,1,2026-06-07T14:32:52.959+00:00,4.481933055555555,31520,16378,67891,4942,238,127,37,18,0,1,1
2063640863184404660,2063629286213402798,0,2026-06-07T15:14:57.033+00:00,0.766953611111111,15779,80060,334,8,0,2,0,0,0,1,1
2063651697877291041,2063614879781544085,0,2026-06-07T15:58:00.226+00:00,2.4383961111111114,36103,42833,34658,1201,197,40,17,52,0,0,0
2063651706769223719,2063577337053040898,0,2026-06-07T15:58:02.346+00:00,4.925373888888889,280486,1046418,44310,817,268,208,17,52,0,0,0
2063651713622642964,2063604197187330079,1,2026-06-07T15:58:03.979+00:00,3.146938611111111,1455,67051,18223,407,0,41,0,1,0,0,0
2063658063219867900,2063595496858357975,0,2026-06-07T16:23:17.841+00:00,4.143844722222222,327800,5027,83744,189,17,29,0,6,0,0,0
2063658069389713855,2063578369854185758,0,2026-06-07T16:23:19.312+00:00,5.278420000000001,18723,24558,48308,5084,1470,49,31,121,0,1,1
2063658079640559668,2063550151214473556,1,2026-06-07T16:23:21.756+00:00,7.147987777777778,337,7178,214895,112,0,26,8,15,0,1,1
2063658087341257047,2063572336045850720,0,2026-06-07T16:23:23.592+00:00,5.679331111111111,23046,9642,132054,3789,701,124,32,252,0,1,1
2063658094685491283,2063593052757696880,0,2026-06-07T16:23:25.344+00:00,4.307595555555555,1234690,32602,145797,6161,388,245,41,134,0,0,0
2063658100511412470,2063579931741925871,0,2026-06-07T16:23:26.733+00:00,5.177148055555556,4867,2098,419154,1146,40,32,1,273,0,0,0
2063658106064613485,2063614452306719161,0,2026-06-07T16:23:28.056+00:00,2.8911266666666666,320113,39348,15194,798,58,11,2,68,1,0,1
2063690291769475487,2063643800799793156,1,2026-06-07T18:31:21.727+00:00,3.0790908333333333,111556,83023,80346,3767,781,290,71,69,0,1,1
2063697721517608995,2063684129493770518,0,2026-06-07T19:00:53.116+00:00,0.9003099999999999,25741,7579,71,1,0,0,0,0,0,1,4
2063697726945038799,2063606600212914398,1,2026-06-07T19:00:54.41+00:00,6.035113888888889,5143,33453,622411,52,6,36,3,14,0,1,1
2063697730925457858,2063630864399941993,0,2026-06-07T19:00:55.359+00:00,4.428433055555556,15701,295401,37994,961,121,80,0,11,0,1,2
2063697734922576200,2063612691478954291,0,2026-06-07T19:00:56.313+00:00,5.6323091666666665,677234,53229,78789,1634,604,43,30,200,0,0,0
2063697739288850897,2063628676525146182,0,2026-06-07T19:00:57.353+00:00,4.573986944444444,2143,71956,10146,347,17,18,0,10,0,1,1
2063714284832428084,2063695584171639191,0,2026-06-07T20:06:42.118+00:00,1.238643888888889,8796099,128299403,9622,18,1,3,0,7,0,0,0
2063723820138025014,2063687810243084699,0,2026-06-07T20:44:35.512+00:00,2.3848644444444447,9257,7598,124944,865,62,118,58,112,0,0,0
2063740480022556957,2063666314439258121,0,2026-06-07T21:50:47.539+00:00,4.911816388888889,18130,30455,176126,6090,560,64,16,484,1,0,1
2063746181113553327,2063652462897049968,0,2026-06-07T22:13:26.784+00:00,6.206884444444444,11159,31870,2305940,913,56,200,89,246,1,0,1
2063746187870507431,2063707774631006698,0,2026-06-07T22:13:28.395+00:00,2.544276388888889,157971,22426,20984,715,193,41,2,18,0,0,0
2063746193100832867,2063680561206439992,0,2026-06-07T22:13:29.642+00:00,4.346845,7544,61663,75210,408,15,59,5,29,1,0,1
2063754591439585754,2063679824108114091,0,2026-06-07T22:46:51.962+00:00,4.951656111111111,16930,62592,50499,66,35,35,2,8,0,1,2
2063754598213374084,2063686003118706863,0,2026-06-07T22:46:53.577+00:00,4.542938055555555,42988,1218,67440,1919,145,51,7,186,1,0,1
2063754603389178171,2063687184582914180,0,2026-06-07T22:46:54.812+00:00,4.465225555555556,1769,31132,154083,1586,39,31,24,173,0,1,1
2063777166790119614,2063771014492819904,0,2026-06-08T00:16:34.346+00:00,0.4075961111111111,76899,87729,6320,54,11,14,5,3,0,1,1
2063777172628689388,2063716289453990209,0,2026-06-08T00:16:35.738+00:00,4.032149444444444,3412,161583,676,1,1,0,1,0,1,0,1
2063777178383200390,2063758389377675505,0,2026-06-08T00:16:37.109+00:00,1.2444747222222223,31,37,18189,27,1,5,1,1,0,0,0
2063809830905844069,2063768783190167717,0,2026-06-08T02:26:22.078+00:00,2.7186327777777777,98306,43089,441734,868,280,49,20,72,0,1,1
2063809835758653552,2063772536584724914,1,2026-06-08T02:26:23.234+00:00,2.4703427777777778,1850620,100296,164197,1793,493,84,66,129,0,1,1
2063832230791725388,2063804798659412149,0,2026-06-08T03:55:22.626+00:00,1.8168405555555556,2657771,38678,96071,4471,482,264,22,44,0,0,0
2063856115566211492,2063813262416793913,0,2026-06-08T05:30:17.201+00:00,2.8381113888888887,61168,3912,9414,650,52,16,4,33,0,1,1
2063934054693543950,2063834134422999181,0,2026-06-08T10:39:59.336+00:00,6.617593333333333,179324,26383,59191,3288,702,165,32,87,0,0,0
2064026595480990043,2063998740474613968,0,2026-06-08T16:47:42.779+00:00,1.8449386111111112,240242087,103919,4106017,27084,4387,1851,169,584,0,0,0
2064026600405189055,2063964092943958242,0,2026-06-08T16:47:43.953+00:00,4.139709166666666,505282,34260,4587305,18479,3495,849,161,491,0,0,0
2064042463547834502,2064013478289932411,0,2026-06-08T17:50:46.021+00:00,1.9197280555555556,342526,140444,55387,338,38,65,7,11,0,0,0
2064055997631451200,2063997729257177188,1,2026-06-08T18:44:32.799+00:00,3.8591108333333337,139787,46796,3081272,6823,136,110,13,6285,0,0,0
2064070220247908591,2064031953318539265,0,2026-06-08T19:41:03.735+00:00,2.5343708333333335,8951,3111,221127,2598,367,83,13,113,0,1,1
2064098450799493446,2064077029255823824,0,2026-06-08T21:33:14.422+00:00,1.4187283333333331,340492,37694,27057,84,4,51,7,1,0,0,0
2064108887851086262,2064090017220427822,1,2026-06-08T22:14:42.809+00:00,1.2499469444444444,559656,96227,12923,1678,899,87,29,63,0,1,1
2064108898785571095,2064075590781579376,0,2026-06-08T22:14:45.417+00:00,2.2059491666666666,115298,79053,34842,401,13,23,2,24,0,1,1
2064129027359547561,2064097256534618414,0,2026-06-08T23:34:44.442+00:00,2.1042894444444444,3578842,237812,32593,607,204,25,11,98,1,0,1
2064134869290996031,2063962491944636449,0,2026-06-08T23:57:57.268+00:00,11.416185555555554,100888,109919,12121,1111,590,92,46,42,0,1,1
2064134875100205254,2064062536622719448,0,2026-06-08T23:57:58.652+00:00,4.791014444444444,46737,157056,18130,192,12,26,1,3,0,0,0
2064143932116865146,2064072437524832513,0,2026-06-09T00:33:58.013+00:00,4.735003611111111,119,1261,7553,45,15,39,8,32,1,0,1
2064158465715536056,2064102041891242130,0,2026-06-09T01:31:43.093+00:00,3.736970277777778,332811,5150,1565836,7487,226,358,191,653,1,0,1
2064216304761156055,2064156090317607108,0,2026-06-09T05:21:33.299+00:00,3.9881386111111112,50808,137957,1026570,6252,57,3,21,321,0,0,0
2064216316714852743,2064186901645480016,0,2026-06-09T05:21:36.42+00:00,1.94845,31045,27339,30380,969,173,34,9,132,0,0,0
2064236770544296439,2064173693354299749,0,2026-06-09T06:42:52.515+00:00,4.1776430555555555,119916,85710,19688,261,99,40,66,31,1,0,1
2064236774629515661,2064159280518017073,1,2026-06-09T06:42:53.493+00:00,5.132359166666666,40591,42,942463,7746,138,290,45,2768,1,0,1
2064236779444506634,2064172990728667320,0,2026-06-09T06:42:54.611+00:00,4.224614166666667,93767,50365,418794,8472,1594,601,110,494,0,0,0
2064280138846490955,2064263197327048781,0,2026-06-09T09:35:12.322+00:00,1.122033888888889,8318,89544,864,71,54,36,3,2,0,1,2
2064298060910587929,2064266668524617900,0,2026-06-09T10:46:25.564+00:00,2.0793233333333334,1266313,12152,82834,2926,198,28,24,367,0,1,1
2064298076685443397,2064262876265673157,0,2026-06-09T10:46:29.038+00:00,2.3313994444444446,343846,329506,44580,1647,347,65,6,30,0,1,1
2064315413790380098,2064231900177158431,1,2026-06-09T11:55:22.534+00:00,5.5309816666666665,510014,26952,395521,5728,293,71,8,175,0,0,0
2064346901286445344,2064296445692260764,0,2026-06-09T14:00:29.731+00:00,3.341591944444444,3905307,23902,292212,18901,2049,150,21,209,0,0,0
2064346907393359886,2064320233213395198,0,2026-06-09T14:00:31.443+00:00,1.7667897222222222,34,134,18480,171,16,18,3,2,0,1,1
2064360976196190546,2064326362920312868,1,2026-06-09T14:56:25.781+00:00,2.292716944444445,362855,14376,131918,322,96,95,14,110,1,0,1
2064360984467411434,2064278019477233943,0,2026-06-09T14:56:27.599+00:00,5.494888611111111,807896,22375,604877,46108,5080,942,165,507,0,0,0
2064376794761851048,2064303968973394213,0,2026-06-09T15:59:16.885+00:00,4.823301388888888,1855809,100427,1951779,27930,7533,2157,1155,6040,1,0,1
2064393014605193595,2064370890939208152,0,2026-06-09T17:03:44.006+00:00,1.4652794444444446,240209401,103968,1800921,40709,6114,3177,296,724,0,0,0
2064416736938434882,2064402384453788132,1,2026-06-09T18:37:59.849+00:00,0.9507913888888889,1362629,138680,65981,1699,81,48,13,117,0,1,2
2064416747415916842,2064395350509793612,0,2026-06-09T18:38:02.345+00:00,1.4173180555555556,226746,58835,6678,218,28,23,1,20,0,1,1
2064429050316390687,2064410758587339035,0,2026-06-09T19:26:55.583+00:00,1.2115508333333331,876788,530,256557,5792,1515,462,171,317,0,1,2
2064454316669198659,2064421878236639323,0,2026-06-09T21:07:19.703+00:00,2.1485286111111113,2438,8216,16613,83,1,8,1,2,0,0,0
2064454324416086274,2064432905561280990,0,2026-06-09T21:07:21.568+00:00,1.418768888888889,840,8934,39987,1624,61,35,2,17,0,0,0
2064464484840755615,2064409963548848449,0,2026-06-09T21:47:43.861+00:00,3.6110725,5340360,47036,173987,9512,2776,681,106,222,0,1,1
2064473275736949166,2064446276415127653,0,2026-06-09T22:22:39.749+00:00,1.788263611111111,373241,111587,13195,399,170,74,3,37,0,0,0
2064473286428299743,2064432275001934203,0,2026-06-09T22:22:42.27+00:00,2.7161861111111114,1266,64692,60334,1776,115,33,0,11,0,0,0
2064473289880228100,2064460845233676290,0,2026-06-09T22:22:43.126+00:00,0.8244794444444445,115010,75492,6644,351,23,8,0,5,0,0,0
2064499733079486941,2064439970828304453,0,2026-06-10T00:07:47.678+00:00,3.9579661111111113,122347,67170,7669,120,19,28,11,6,0,1,1
2064499739517755406,2064484179207762031,0,2026-06-10T00:07:49.201+00:00,1.0306113888888888,5121,24366,85,7,3,1,0,1,1,0,1
2064514974962073717,2064486195355082853,0,2026-06-10T01:08:21.61+00:00,1.9062805555555555,21750,1409,113287,2223,47,66,29,57,0,1,2
2064514983233274261,2064483428754473400,1,2026-06-10T01:08:23.608+00:00,2.089891111111111,105997,64584,28612,733,57,41,6,22,0,0,0
2064514988169912323,2064457771828080732,0,2026-06-10T01:08:24.774+00:00,3.7893816666666664,512242,71942,26648,1155,666,45,45,129,1,0,1
2064514992037101921,2064480945617686583,0,2026-06-10T01:08:25.676+00:00,2.25491,148674,53878,25686,189,25,8,6,19,0,1,1
2064598992508322029,2064545400384557287,0,2026-06-10T06:42:12.977+00:00,3.5494380555555556,377139,25730,26202,55,8,10,2,7,0,1,1
2064620630025400483,2064604575575728224,0,2026-06-10T08:08:11.865+00:00,1.0635736111111112,17356,4445,886,17,1,2,0,0,0,1,1
2064643212623405557,2064535826269368582,0,2026-06-10T09:37:55.861+00:00,7.112183611111111,2299,83,425034,4997,766,190,27,180,1,1,2
2064724780859719753,2064673550426853689,0,2026-06-10T15:02:03.251+00:00,3.3931252777777776,42241,31915,121450,422,6,20,0,356,1,0,1
