url,needs_note,ground_truth_note,tweet_text,tags
https://x.com/i/status/2042882739783803289,yes,Viral videos like this showing a mountain biker attacked by a cougar on a snowy cliff are AI-generated and not real. No such incident has been reported in news.    https://leadstories.com/hoax-alert/2026/03/fact-check-fake-video-shows-mountain-lion-attacking-biker-on-snowy-path.html    https://www.yahoo.com/news/articles/fact-check-fake-video-shows-030749970.html,"If something like this suddenly pops up, I'm screwed.. https://t.co/KpVN0zh0hT",helpful_competing
https://x.com/i/status/2044717276780179820,yes,"The photo on the left was Port Tewfik memorial, build to honor the lives of Indian soldiers who died in the Palestine campaign in WWI. It was destroyed by Israel in 1967. https://www.cwgc.org/visit-us/find-cemeteries-memorials/cemetery-details/143800/heliopolis-port-tewfik-memorial/","I want my tax dollars to be used for things like this, instead of for brown immigrants. https://t.co/FTLGdgbLyI",helpful_competing
https://x.com/i/status/2055928979845198218,yes,"The footage is AI-generated, part of a trend of fake Ring camera videos showing animals swept by tornadoes with no real wind affecting nearby objects. https://www.reddit.com/r/tornado/comments/1oag4tp/what_is_with_the_ai_ring_doorbell_videos_of_cats/ https://www.youtube.com/shorts/lfmHCkt9zik","Cat Swept Into the Sky During Tornado Somehow Walks Home Alive

With the storm closing in fast, they had no choice but to run for shelter and hope he had hidden somewhere safe. Minutes later, their porch camera sent an alert. When they opened the clip, they froze. Milo was https://t.co/PDJXWI28q7",helpful_competing
https://x.com/i/status/1820974864251134373,yes,"This is misleading by ommission. British intervention in Lagos was due to the slave trade, in which the OP's ancestors had been deeply involved. Presenting the cession only as unprovoked British aggression hides that background and distorts the history.     https://www.jstor.org/stable/2120001?utm","My great, great maternal grandfather was the Oba (king) of Lagos in 1861 and was forced -under threat of military bombardment - aka to avoid a massacre of the people - to cede Lagos over to the British.

Lest we forget. https://t.co/CNMYgvIneH",helpful_competing
https://x.com/i/status/2044060757177053642,yes,This chart is made up.    A. The conservative candidate finished with 1551 votes    https://globalnews.ca/news/11773384/canada-byelection-results-terrebonne/    B. This data from vote releases shows the Liberals leading consistently from approximately 35.6% of the counted vote onward    See results at   35.6%  https://x.com/CanadianPolling/status/2043876727131099508?s=20    56.9%  https://x.com/CanadianPolling/status/2043880848714346895?s=20    66.4%  https://x.com/CanadianPolling/status/2043884889586459102?s=20    94.8%  https://x.com/CanadianPolling/status/2043896678621511695?s=20,Nothing to see here folks. https://t.co/9UMYXlc9Mu https://t.co/94FxNRJhkC,helpful_competing
https://x.com/i/status/2044447834158538827,yes,"This incident occurred on June 21, 2025, in Praia Grande, Santa Catarina, Brazil—nearly a year before this post—not a recent &quot;BREAKING&quot; event.    https://en.wikipedia.org/wiki/2025_Santa_Catarina_hot_air_balloon_crash  https://www.bbc.com/news/articles/c17w04wxwpxo  https://apnews.com/article/brazil-balloon-fall-49c10b909e0f430a22913f7dd13e2c23","BREAKING🚨: Hot air balloon carrying 21 people catches fire and crashes in southern Brazil, killing at least 8 😱 https://t.co/4oRuUqy2li",helpful_competing
https://x.com/i/status/2040544559793307736,yes,"‪OP tweeted “I remember when we were energy independent, the border was under control, low gas prices, no inflation, low unemployment, no fighting in the Middle East.....‬” in 2021.     ‪https://x.com/gunthereagleman/status/1393589379617247236?s=46‬","I would take a year of higher gas prices over dealing with the leftovers from other spineless Presidents who never stood up to Iran.

Trust Trump! https://t.co/VLOCcU9MJ9",helpful_competing
https://x.com/i/status/2044171261824078040,yes,"The article says that a porn site got 62m monthly visits, not that it has 62m users. The article did not provide an estimate of active users, but the number is certainly much lower. For reference, the ratio of monthly visits to active users is ~5:1 for Pornhub.  https://edition.cnn.com/interactive/2026/03/world/expose-rape-assault-online-vis-intl/index.html  https://www.demandsage.com/website-traffic-statistics/  https://www.statista.com/statistics/1201889/most-visited-websites-worldwide-unique-visits/?srsltid=AfmBOorW5cY--FfvlSsPyQU3vIvMJRZnRZKHDDrovbdAHZn3tn6KdVsg","CNN just announced the existence of a global “rape academy” where 62 million men are enrolled and are taking lessons on how to drug and rape women. 
I’m so fucking done.",helpful_competing
https://x.com/i/status/2043178998075629969,yes,"Europeans have been regularly and properly bathing, washing, using soap &amp; building bathhouses/steam baths for 1000s of years, long before the Moors colonised a small corner of Europe.  Photo is from a film where black cannibals eat white children.    https://en.wikipedia.org/wiki/Visigothic_Kingdom  https://en.wikipedia.org/wiki/Soap#Roman_Empire  https://fakehistoryhunter.net/2025/11/26/articles-links-videos-about-medieval-hygiene/  https://fakehistoryhunter.net/2025/02/27/history-of-personal-hygiene-in-europe/  https://blog.historicenvironment.scot/2022/09/building-a-bronze-age-community-at-links-of-noltland-westray/  https://en.wikipedia.org/wiki/Soap#Roman_Empire  https://en.wikipedia.org/wiki/List_of_Roman_public_baths  https://www.researchgate.net/publication/271081105_Iron_Age_Saunas_of_Northern_Portugal_State_of_the_Art_and_Research_Perspectives  https://www.academia.edu/112022865/A_Bronze_Age_sauna_in_Nijmegen_prov_Gelderland_NL_an_exceptional_site_in_mainland_Europe_with_L_van_Beurden_K_H%C3%A4nninen_C_Vermeeren_  https://www.cambridge.org/core/journals/cambridge-archaeological-journal/article/protection-and-purity-symbolic-functions-of-the-iron-age-saunas-of-the-iberian-northwest/388D888007F74EC9E7DC5AB04327722A  https://exarc.net/issue-2024-3/at/experimental-exploration-earliest-soapmaking  https://dictionary.cambridge.org/dictionary/english/racism  https://youtu.be/tQzxeSF26wU?si=OV8YQwc3zLXrK_RB&amp;t=1167  ","There is some history that can’t be twisted or rewritten, because even to this day most white people find it difficult to bathe. https://t.co/zwyohQcNZ7",helpful_competing
https://x.com/i/status/2051371003196875189,yes,"The video is from an Iranian strike causing a fire at Dubai's Fairmont The Palm hotel on Feb. 28, 2026, not a new hit on downtown Dubai on May 4. There was minor damage from debris in Dubai on May 4, but this footage is unrelated.    https://www.bbc.com/news/articles/c204px4zddro  https://www.nytimes.com/2026/03/01/world/middleeast/iran-attacks-dubai-persian-gulf-countries-retaliation.html  https://en.wikipedia.org/wiki/2026_Iranian_strikes_on_the_United_Arab_Emirates","🚨 Iran has hit downtown Dubai !

Trump hasn’t responded. 

He’s TERRIFIED! https://t.co/x618UQC8dT",helpful_competing
https://x.com/i/status/2053999667344732653,yes,"The 90% figure refers to preliminary laboratory results in cell cultures (in vitro), not in humans. There is no clinical evidence that dandelion root cures or treats cancer in people. Many substances kill cancer cells in a petri dish but are not effective medical treatments. https://www.ncbi.nlm.nih.gov/pmc/articles/PMC5341965/","🚨: Dandelion root kills over 90% of colon cancer cells in less than 48 hours, lab experiments reveal https://t.co/VXiR3rlZPB",helpful_ours
https://x.com/i/status/2051672387997798745,yes,"Both Jackson Coleman and Reis Russell publicly announced receiving scholarship offers from Colorado Buffaloes, though ESPN's database does not list them.    Coleman's announcement: https://x.com/J_Coley_13/status/2014516030140186731    Russell's announcement: https://x.com/Reis_Russell54/status/1915463030714044696","According to ESPN, Valor Christian's top recruits Jackson Coleman and Reis Russell did not receive offers from @CUBuffsFootball. Colman is going to Notre Dame and Russell to Washington. 

Remember ""You know were to find me?""  

Sanders can't find two guys just down the road.",helpful_competing
https://x.com/i/status/2045640248416149996,yes,"Rep. Massie voted yes on the SAVE Act, contrary to this graphic. https://clerk.house.gov/Votes/2025102","Thomas Massie consistently strays from traditional Republican values, and that's why we need new leadership. Make your vote count on May 19th! https://t.co/6wHXj2uvjK",helpful_competing
https://x.com/i/status/2045903549058412767,yes,This claim is false. Target has not announced any membership requirement to enter stores. Target stores remain open to all customers without any membership card. Target's loyalty programs are optional and do not restrict store access. https://corporate.target.com/press/fact-sheet/2025/06/target-circle,"Target will now require a membership card to enter its stores starting next month, similar to Costco. https://t.co/iV4Fy3hiaO",helpful_ours
https://x.com/i/status/2041362998262931770,yes,False. SpaceX announced the launch of Starlink 17-35 weeks ago on their website.     https://www.spacex.com/launches/sl-17-35,"🚨 SOMETHING MASSIVE JUST LAUNCHED OVER LOS ANGELES — AND THE TIMING IS MAKING PEOPLE UNEASY

No warning.
No alert.
Then this appeared over the city.

A glowing object stretching across the sky… leaving behind a massive spiral cloud.

Phones came out instantly.

• https://t.co/k3nRvB13Zi",helpful_competing
https://x.com/i/status/2041208268106666146,yes,Ice Cube didn’t say that.    https://x.com/icecube/status/2041233257258455231?s=46,"Ice Cube says he’s done with Hollywood: 

“They keep offering me the same angry Black man role.” https://t.co/DdH6A0XU1i",helpful_competing
https://x.com/i/status/2056831385109991602,yes,"This curve is not all graduating doctors. It shows exit timing for a subset of clinically inactive survey respondents who had stopped practicing. The x-axis begins at clinical practice after training, so the 5-year drop is not 20% of all new doctors quitting.  https://doi.org/10.7812/TPP/25.219","This graph tells a better story than the average.

Almost immediately after graduation, doctors start quitting, and it drops at a continuous pace for 25 years. 

No plateau.  Just continuous decay.

Looks as bad as some of the survival curves in oncology!

20% are gone in 5 https://t.co/SyNwYMJOQQ https://t.co/jqznCPLcEX",helpful_competing
https://x.com/i/status/2051395040165970214,yes,"The claim that Elon Musk is paying Spirit Airlines employees' salaries is false. Musk has made no such announcement or quote on X, and no reliable sources report it. Spirit is ceasing operations due to financial issues.    https://ir.spirit.com/news/news-details/2026/Spirit-Airlines-Begins-Orderly-Wind-Down-of-Operations/default.aspx  https://www.reuters.com/business/spirit-airlines-prepares-cease-operations-after-rescue-deal-stalls-wsj-reports-2026-05-01  https://news.meaww.com/fact-check-is-elon-musk-purchasing-spirit-airlines-amid-its-shutdown","🚨ELON MUSK JUST STEPPED UP LIKE A FUCKING BOSS — HE’S PAYING THE FULL SALARIES AND HEALTH BENEFITS FOR ALL 17,000 SPIRIT AIRLINES EMPLOYEES FOR THE NEXT 3 MONTHS AFTER PETE BUTTIGIEG AND ELIZABETH WARREN HELPED KILL THE MERGER THAT WOULD’VE SAVED THEIR JOBS!

Follow https://t.co/otuMNgyreK",helpful_competing
https://x.com/i/status/2049114437424931171,yes,"Hitler explicitly rejected zionism as part of his broader antisemitism and mocked the idea of a Jewish state in Mein Kampf, and Jewish emigration was banned by Nazi Germany.  https://www.meforum.org/hitler-antizionism",Quite literally true as well https://t.co/KGE7j798in,helpful_competing
https://x.com/i/status/2053291962023710985,yes,A co-host for one of the affected channels revealed no strikes were issued by Youtube. This content was deleted by Jeremy    No user reports could remove this volume of content from multiple channels across 3 unaffiliated sites at the same time    https://x.com/bear_ing/status/2053300064580464870?s=20,"Every live stream I have ever done has now disappeared from YouTube and my podcast channel with 2 friends seems to have been banned.

Im sure its totally not false flaggers and just a coincidence but please take a moment to create a Rumble account and follow TheQuartering there",helpful_competing
https://x.com/i/status/2040195714949484721,yes,Twitch has no policy automatically cancelling subscriptions for inactive streamers. Subscriptions auto-renew monthly unless manually cancelled by subscribers.    https://help.twitch.tv/s/article/how-to-subscribe  https://help.twitch.tv/s/article/cancelling-subscriptions,"Kai cenat has reportedly contacted Twitch CEO Dan Clancy, and threatened to leave if he is not exempted from the new policy that automatically cancels paid subscriptions for inactive streamers. https://t.co/24ZfVo3VHb",helpful_competing
https://x.com/i/status/2045215560326103209,yes,"This was made by @tontarotaro . The poster put their own watermark over a stolen, uncredited video.    https://x.com/i/status/1643524216690724864",Who should Eevee evolve into? 😍🥰 https://t.co/SnaHPhEsOt,helpful_competing
https://x.com/i/status/2051806907141095776,yes,"This video is from 2023, when Toronto beat Tampa Bay in the first round of the playoffs.    https://x.com/mrgrozz/status/1652522457494945792?s=46&amp;t=1WOhtQqXbOKddGv8QHSsdQ","Maple Leafs fans have descended upon Yonge &amp; Dundas to celebrate tonight's draft lottery win

https://t.co/c3EpQGnWyW",helpful_competing
https://x.com/i/status/2041072642812211559,yes,"The collapsed ledge is loose, unconsolidated soil and recent sediment from ongoing erosion—not bedrock formed over 2.5 billion years. It was already cracked and unstable, prone to natural collapse.    https://www.reddit.com/r/WTF/comments/1s9yfbz/25_billion_years_to_form_ruined_in_seconds_for_a/    https://www.instagram.com/reel/DWqkaz_j4AI/    https://www.instagram.com/reel/DWs1MUTkpy6/",2.5 billion years to form… ruined in seconds for a dumb social media clip. 😐 https://t.co/DnFGQ9ZG2p,helpful_competing
https://x.com/i/status/2040583970157433065,yes,Images claiming to show captured U.S. troops in Iran are AI-generated. Forensic analysis by Google's SynthID tool confirms these visuals are synthetic and not real events. https://www.reuters.com/fact-check/images-depicting-capture-us-delta-force-troops-iran-are-ai-generated-2026-03-11,"🚨 Breaking: Casualties and injuries reported among U.S. forces, with some captured by the Iranian Revolutionary Guard, after the American pilot was reportedly used as bait in a trap to ambush U.S. special forces during a deceptive landing attempt in southern Iran moments ago. https://t.co/3au7QQutoQ",helpful_competing
https://x.com/i/status/2042935904071737850,yes,Videos like this depicting instant tooth gap closure are AI-generated and do not represent real dental procedures. https://www.instagram.com/reel/DVE3KbDDR8D,The Gap between teeth fixed instantly 😧 https://t.co/3r6lRNvRyO,helpful_competing
https://x.com/i/status/2056489737200771247,yes,"The murders of 3 individuals at the San Diego Islamic Center are real and widely reported. Police are probing the attack as hate-motivated.  No credible sources suggest it is fabricated, a psyop or false flag.     https://www.bbc.com/news/live/c8jv0x2vp8wt    https://www.nbcsandiego.com/news/local/san-diego-police-responding-to-reports-of-an-active-shooter-at-the-islamic-center-of-san-diego/4025204/    https://www.nbcnews.com/news/us-news/live-blog/live-updates-san-diego-mosque-shooting-rcna345756","The mosque that was “supposedly” shot up today.

Just remember the people who attend this mosque want us all to be killed. 

We will be told they are such amazing people. 

I’m not advocating for violence. I condemn violence. I am showing you how evil this mosque is and always https://t.co/QEF8IzPmaP",helpful_competing
https://x.com/i/status/2056894469153186075,yes,"Thomas Massie lost the May 19, 2026 Kentucky GOP primary. He voted for 2017 tax cuts and prior border wall funding but opposed the 2025 spending bill due to debt. Primary results reflect that race only. https://www.fec.gov/introduction-campaign-finance/election-and-voting-information/","Thomas Massie is DONE.

Massie voted against tax cuts. Against the wall. Against ICE. Against deportations. Against the President’s agenda.

Massie’s constituents elected Trump by a 40 point margin! Massie betrayed them.
Tonight, Kentucky fired Massie for it.

MAGA wins. The end https://t.co/NM4yV2KS1g",helpful_competing
https://x.com/i/status/2041194360461824377,yes,"The video shows US Air Force C-17 Globemaster IIIs airdropping aid, not Chinese planes. China operates Y-20s, which have distinct wing design and Chinese markings absent here.    https://ukdefencejournal.org.uk/false-claims-of-chinese-airdrops-to-gaza/  https://www.dw.com/en/fact-check-did-chinese-fighter-jets-deliver-aid-to-gaza/a-72607641",JUST IN🇨🇳🇵🇸❌🇮🇱🔥 Chinese military cargo planes arrives with humanitarian aid to the people of Palestine. https://t.co/ZXzXo6GDDF,helpful_competing
https://x.com/i/status/2053902279632126451,yes,"Ultrasound is not a cervical cancer screening option. CDC lists HPV tests, Pap tests, or both. If a patient does not want a Pap test, FDA-approved self-collected HPV testing can be done in health care settings.  https://www.cdc.gov/cervical-cancer/screening/index.html  https://www.cancer.gov/news-events/cancer-currents-blog/2024/fda-hpv-test-self-collection-health-care-setting","@MONEYFAST1345 @silverfreak005 @yeriscandy19 @samplesoojin An ultrasound is a second option by medical professionals for women who don’t want a pap smear. This isn’t spreading misinformation, it’s just facts.",helpful_competing
https://x.com/i/status/2044141893152583962,yes,These are not photos from the Artemis II mission.    https://www.nasa.gov/artemis-ii-multimedia/,"Stunning New Views of the Moon from Artemis IINASA has just shared breathtaking high-resolution images of the Moon’s rugged, cratered surface — and they’re absolutely mesmerizing.The photos, captured during the Orion spacecraft’s daring flyby, reveal ancient lunar terrain in https://t.co/ZWDgj7zTlS",helpful_competing
https://x.com/i/status/2042147341201781191,yes,"Video shows USS Midway Museum (decommissioned carrier docked in San Diego, CA), not active USS Abraham Lincoln.    &quot;Dolls&quot; are exhibit mannequins depicting crew amid restored aircraft.    USS Abraham Lincoln is operating in Arabian Sea as part of CENTCOM.    https://www.cruisingearth.com/ship-tracker/united-states-navy/uss-abraham-lincoln/  https://news.usni.org/2026/01/26/abraham-lincoln-carrier-strike-group-now-in-u-s-central-command  https://www.midway.org/visit/our-exhibits/flight-deck-exhibits  https://www.encirclephotos.com/image/uss-midway-shooter-mannequin-on-flight-deck-in-san-diego-california/","The USS Abraham Lincoln has come to a complete stop in the heart of the Indian Ocean. No movement, no sound. Not a single human can be seen on board. Instead of the crew, human-like dolls are standing all over the ship. https://t.co/bKhA4juzrr",helpful_competing
https://x.com/i/status/2043889247753777193,yes,"FALSE. This video shows about 70 Palestinian men who were found hiding inside a garbage truck by Israeli police as they attempted to cross into Israel from the West Bank, apparently in search of work. The Arab driver was arrested.     https://apnews.com/article/israel-palestinians-west-bank-economy-c2ca9aab23e2a1767b331043493bc0f3    https://www.msn.com/en-au/news/insight/israeli-police-find-70-palestinians-crammed-in-garbage-truck/gm-GM682062D7?gemSnapshotKey=GM682062D7-snapshot-1    https://www.reutersconnect.com/item/israeli-police-say-70-palestinians-found-hiding-in-garbage-truck-at-transsamaria-crossing/dGFnOnJldXRlcnMuY29tLDIwMjY6bmV3c21sX1JDMkJPS0FaVlJKTw","60 Palestinians were being transported by the Israel Defense Forces in a garbage truck; Israel is oppressing innocent Palestinians, and the world remains silent.
#Pakistán #امن_کا_سفیر_پاکستان #IranWar‌ #Węgry https://t.co/dQuubjBZai",helpful_competing
https://x.com/i/status/2053343018061603057,yes,Nana akua addo's dress isn't designed by an African as the post claims and is actually designed by Indian designer Srushti Patil while Nana is just a model for Patil's design.    Source:- https://www.instagram.com/p/DYID3t7CF3z/?igsh=cWJ5b3dmemRra2I4    ,Those Hollywood outfits doesn't even hold a candle to these African designs. Creativity at its peak https://t.co/ggCCOGpLmt,helpful_competing
https://x.com/i/status/2056092442483364101,yes,"The claim that medieval nobles used a shared hanging rope for wiping is a myth; historical evidence shows they used materials like hay, straw, moss, rags, or cloth instead. https://www.worldhistory.org/Medieval_Hygiene https://eastkingdomgazette.org/2016/03/01/arts-sciences-research-paper-7-life-before-toilet-paper","In the middle age's noble didn't use toilet paper, this clips hooked me up with suspense on what the used back then.... Watch till the end https://t.co/Lacdax14o6",helpful_competing
https://x.com/i/status/2056290551683481771,yes,Portugal's 2026 World Cup squad has not been announced and no players have been officially excluded; the announcement is scheduled for May 19. https://www.sportingnews.com/us/soccer/news/portugal-world-cup-roster-announcement-date-time-squad-ronaldo/7601b310d5adcbbfc03fcce4 https://en.wikipedia.org/wiki/2026_FIFA_World_Cup_squads,"🚨Some of the main players left out of Portugal squad for the World Cup. ❌ 🇵🇹

❌Jao Cancelo 
❌Renato Vega 
❌ Antonio Silva
❌Matheus Nunes 
❌Ruben Neves 
❌ Diego Dalot 
❌Nuno Mendes... see below https://t.co/86dMxsrmoh",helpful_competing
https://x.com/i/status/2051326933342769454,yes,Important Context:     OP previously complained about gas prices and blamed it on the Governor of California Gavin Newsom     https://x.com/tonyxtwo/status/1975221275074445331,Filling up my truck and not complaining about gas prices because I trust my president https://t.co/GNTcCJjWQk,helpful_competing
https://x.com/i/status/2056779722948796725,yes,"The video depicts a staged skit produced by Network Media and Kenyon W., not a real classroom incident. https://www.facebook.com/HackAndHeat/videos/1143755614035073","A young white female student was using her cellphone and distracting the class. The teacher told her to put the phone away. In response, she slapped him. The teacher then asked her to apologize. When she refused, he hit her back.

Was he right to hit her back? https://t.co/BjePzfcx7l",helpful_competing
https://x.com/i/status/2041192809957626175,yes,"This story is based on real events but includes inaccuracies. Cynthia's divorce settlement was £100,000 (~£2M today), not small. Paul kindly bought and returned one framed letter in 1991, not the entire collection soon after divorce. No evidence of the quoted note.    https://www.snopes.com/fact-check/john-lennon-love-letters    https://www.beatlesbible.com/1968/11/08/john-and-cynthia-lennon-are-divorced","By early 1969, John had married Yoko, leaving Cynthia to raise their five-year-old son, Julian, with very little financial support.
Although John was a global superstar, he left Cynthia with only a small divorce settlement.

It made it extremely difficult for her to maintain a https://t.co/RLqXHDn5FV",helpful_competing
https://x.com/i/status/2054955562035491228,yes,"The woman in the video is Monica Crowley, U.S. Chief of Protocol since May 2025, performing her official duties at the Trump-Xi meeting. She is not Miriam Adelson. https://en.wikipedia.org/wiki/Chief_of_Protocol_of_the_United_States https://www.presidency.ucsb.edu/documents/statement-president-elect-donald-j-trump-announcing-the-nomination-monica-elizabeth",What the hell is Miriam Adelson doing directing the Trump/Xi meeting? https://t.co/QsuizMdBpj,helpful_competing
https://x.com/i/status/2057942393362506093,no,The driver did not choose to stop on the tracks; the white SUV was rear-ended by a pickup truck and pushed into the path of the train as it attempted to stop for the crossing signal. The driver escaped the vehicle before impact and was not injured. https://kutv.com/news/local/video-suv-hit-by-frontrunner-train-after-being-rear-ended-by-pickup-in-layton https://www.fox9.com/news/utah-transit-authority-frontrunner-train-suv-crash,WHY DO THESE FUCKERS ALWAYS STOP DRIVING??? https://t.co/a1To63dPbC,unhelpful_no_alt
https://x.com/i/status/2057536960139247965,no,"The US military has killed ~194 people in strikes on boats since September 2025 (~9 months, not 5), in both the Caribbean and eastern Pacific. The US has not provided evidence victims were drug traffickers; some identified victims were fishermen with no known criminal ties. https://en.wikipedia.org/wiki/United_States_strikes_on_alleged_drug_traffickers_during_Operation_Southern_Spear https://www.theguardian.com/us-news/2026/may/15/us-military-airstrikes-caribbean-pacific-victim-identities",The USA has murdered about 200 Caribbean fisherman for no reason in the past 5 months https://t.co/QhvdTrdhlv,unhelpful_no_alt
https://x.com/i/status/2057589163004932198,no,"The visual anomaly is caused by studio lighting, shadows, and video compression artifacts from repeatedly re-shared clips. No credible evidence of a mask exists; Robert Harward is a verified retired U.S. Navy SEAL and real Fox News guest. https://news.meaww.com/fact-check-did-robert-harward-wear-a-mask-during-fox-news-appearance https://www.ibtimes.co.uk/fox-news-guest-mask-speculation-1798247",Holy shit why is this man on Fox News wearing a literal CIA mask https://t.co/RQazYIrgDq,unhelpful_no_alt
https://x.com/i/status/2057628888272925085,no,"The dark area on Vice Admiral Harward's neck is consistent with standard broadcast TV lighting. A fill light aimed upward at his face creates a shadow cast upward from his shirt collar — a common studio artifact, not a mask. https://www.newsx.com/world/robert-harward-viral-mask-claims-emerge-after-retired-vice-admiral-fox-news-appearance-223436/","Hey @grok 

Can you explain this? https://t.co/lEqPc9lYYY",unhelpful_no_alt
https://x.com/i/status/2057507743922098400,no,"The shadow on Harward's neck visible in this clip is a lighting artifact — identical claims about shadows indicating masks were rated ""Pants on Fire"" by PolitiFact in a 2020 Biden segment. TikTok re-encoding also creates sharp tonal edges at face/neck boundaries. https://www.politifact.com/factchecks/2020/oct/08/viral-image/viewers-mistake-shadow-bidens-neck-mask/ https://www.aiarty.com/knowledge-base/video-compression-artifacts.htm",The mask.... https://t.co/gptmOVy0To,unhelpful_no_alt
https://x.com/i/status/2057261795601977520,no,"Thomas Massie did not lose his 2024 primary. Official election results from the Kentucky Secretary of State show Massie won the Republican primary for the 4th District on May 21, 2024, receiving 75.9% of the vote. He remains the incumbent U.S. Representative. https://ballotpedia.org/Thomas_Massie https://massie.house.gov/","Thomas Massie lost his primary race in Kentucky by ten points, and instead of exiting with dignity, he decided to sink into the gutter.

You don't get to blame an entire foreign country just because the voters in Kentucky were completely done with your garbage decisions in https://t.co/OdMQBDrj0Z",unhelpful_no_alt
https://x.com/i/status/2057380086781747459,no,"The most recent official estimate from the Office for National Statistics (ONS) shows net migration was 204,000 for the year ending June 2025. There is no official data reporting a figure of 171,000, and the ONS hasn't released figures for the full year ending December 2025. https://www.ons.gov.uk/peoplepopulationandcommunity/populationandmigration/internationalmigration/bulletins/longterminternationalmigrationprovisional/yearendingjune2025","🚨 BREAKING: Net migration to the UK fell to 171,000 from 331,000 in the year to December 2025 - the lowest point since 2012",unhelpful_no_alt
https://x.com/i/status/2057255120056815961,no,"The autonomous vehicle shown in this video is operated by Moove, not Waymo. A reporter from 11Alive who was present at the scene confirmed the car belongs to Moove, which is a separate company testing self-driving technology in the area. https://x.com/swcopenhaver/status/1790432354784964993",The moment a Waymo drove full speed into flood waters. @11Alive https://t.co/4Q1SdWiIU7,unhelpful_no_alt
https://x.com/i/status/2057006952421421135,yes,"The woman pictured is not Max Dowman's mother. His mother is Caroline Dowman, as shown in these photos. https://x.com/ArsenalN7/status/2033120197029024224 https://x.com/fattylincorn_01/status/2033541052892684336","🚨 Youngest Arsenal player ever to win Premier League. Wow 

Max Dowman and his Mother ❤️ https://t.co/7vnCvf4dvS",unhelpful_has_alt
https://x.com/i/status/2056771194041356436,no,"The UK Government has stated that HS2 will not be extended north of the West Midlands. In the video provided, the Transport Secretary confirms this policy, noting that a separate study will instead look at future rail links between Birmingham and Manchester. https://www.gov.uk/government/speeches/delivering-northern-powerhouse-rail","Scottish taxpayers are paying for #HS2 but no one in this Labour Government is clear about whether this white and rather expensive elephant will ever make it across the border! It's the same old story for Scotland, Westminster just expects us to pay up without any benefit @theSNP https://t.co/pUotCfCIcV",unhelpful_no_alt
https://x.com/i/status/2056701604447797752,no,"JFK never made this statement. The Kennedy administration's DOJ ordered AIPAC's predecessor, the American Zionist Council, to register as a foreign agent in 1962 — but Kennedy never publicly called out AIPAC by name or made this quote. https://en.wikipedia.org/wiki/American_Zionist_Council https://en.wikipedia.org/wiki/AIPAC",@MassieforKY @Grolier1 Ban AIPAC and adjacent foreign election interference. https://t.co/GrCO7Strgq,unhelpful_no_alt
https://x.com/i/status/2056533796145549809,no,"The video shows only a police car merging into traffic behind a white sedan — no device is deployed. The ""Grappler"" is a bumper-mounted net that wraps around a fleeing vehicle's axle, not a grappling hook, and this footage does not show it in use. https://6abc.com/post/grappler-device-ripps-rear-axle-off-stolen-car-video-livonia-police-michigan-shows/17710299/","Michigan police use grappling hooks, and this happens… https://t.co/gT467cF161",unhelpful_no_alt
https://x.com/i/status/2056292005047672971,no,This image is AI-generated and was shared by Donald Trump on Truth Social. It is not an authentic photograph of a real-life event. No evidence exists showing the discovery or detention of extra-terrestrial life. https://www.newsweek.com/donald-trump-shares-ai-photo-of-handcuffed-alien-walking-next-to-him-11961685 https://www.themirror.com/news/weird-news/donald-trump-posts-ai-alien-1842252,President Donald Trump posts a picture of him walking with an alien. https://t.co/iX6iRid9Gd,unhelpful_no_alt
https://x.com/i/status/2056175329262145767,no,"As of May 2026, no film titled “Chainsaw Man: Reze” has been released or completed a theatrical run. Official MAPPA records do not list this movie, and no box office data exists for it. Jujutsu Kaisen 0 grossed over $196 million, higher than the $191.3 million claimed. https://www.mappa.co.jp/en/works-en/ https://www.boxofficemojo.com/title/tt14331144/","'Chainsaw Man: Reze' Anime Movie has Ended its run with $191.3 Million earned in Worldwide Box Office.

It’s the 2nd biggest movie released by Sony in 2025 and has surpassed Jujutsu Kaisen: 0 in earnings. https://t.co/wk6mMXJtC2",unhelpful_no_alt
https://x.com/i/status/2056156585953505754,yes,The image has been cropped; several other players including those front and center are smiling in the full photo. https://x.com/hughes1224/status/2056157093007110209 https://www.instagram.com/p/DYa0juEDiK-/,Of course Fernando Mendoza is the only dude smiling 😂 https://t.co/28bEOSrfVj,unhelpful_has_alt
https://x.com/i/status/2056116841769291987,no,"The image shows space-based lasers, Space Force insignia, and  https://www.snopes.com/fact-check/trump-55-posts-3-hours/ https://www.ibtimes.co.uk/trump-ai-military-image-gulf-tensions-1796493",JUST IN: 🇺🇸 President Trump posts image appearing to depict a nuclear strike. https://t.co/Xj1NtMcmzW,unhelpful_no_alt
https://x.com/i/status/2055799072121090141,no,"This video shows Luka Modrić reacting after receiving a yellow card in a Serie A match, not any U.S. criminal justice incident. The footage is from AC Milan's match on March 8, 2026. https://supersport.com/football/match/19b90088-a6a2-4bfc-8b30-14fe9f5a4af0",This is the American criminal justice system in action. https://t.co/EXYt8oSXl4,unhelpful_no_alt
https://x.com/i/status/2054903071528931698,no,"The photo shows Andrew Garfield kissing Stephen Colbert on The Late Show in January 2017, not Pedro Pascal. Pascal did kiss Colbert during a May 12, 2026 appearance promoting The Mandalorian & Grogu, but this image is from a different guest nine years earlier. https://time.com/4631316/andrew-garfield-stephen-colbert-kiss-video/ https://www.justjared.com/2026/05/13/pedro-pascal-asks-stephen-colbert-for-kiss-after-the-late-show-host-locks-lips-with-julia-louis-dreyfus-watch-now/","Pedro Pascal Promotes The Mandalorian and Grogu by Kissing Stephen Colbert On The Mouth

""For many online, the moment immediately became meme material. But it also raised another question entirely: how exactly is this helping promote The Mandalorian and Grogu to mainstream Star https://t.co/umktjyWjww",unhelpful_no_alt
https://x.com/i/status/2053915544420508047,no,"Tyler Robinson was not in custody during this 7:51 PM press conference. Official law enforcement records and news reports confirm he was arrested at approximately 10:00 PM on September 11, 2025, two hours after this event concluded and following a 30-hour manhunt. https://en.wikipedia.org/wiki/Assassination_of_Charlie_Kirk https://www.cbsnews.com/news/charlie-kirk-murder-suspect-tyler-robinson-discord-confession/ https://texasborderbusiness.com/press-conference-following-the-assassination-of-charlie-kirk/","🚨 BOMBSHELL! 🚨LIST OF PEOPLE WHO KNEW TYLER ROBINSON WAS ALREADY IN CUSTODY &amp; THAT THE DISCORD CONFESSION WAS IMPOSSIBLE
 
At a minimum, IMO, all of these officials know—and likely have known since this press conference started at 7:51 PM on September 11, 2025—that Tyler https://t.co/6YEts02Ltd",unhelpful_no_alt
https://x.com/i/status/2053217102312456605,no,"Charlie Kirk is alive. The video shows Erika Kirk accepting degrees at Hillsdale College's May 2026 commencement on behalf of herself and her husband, describing his recent participation in Hillsdale's online courses. https://x.com/i/status/2053217102312456605","Erika Kirk, who runs a white nationalist religious cult,  just received an Honorary Doctorate on behalf of her dead racist podcaster husband.   I’m fucking speechless.  https://t.co/jrZnmmhmYC",unhelpful_no_alt
https://x.com/i/status/2052825590319690191,no,"This is a stand-up comedy routine, not a factual report. Charlie Kirk was shot and killed at Utah Valley University on September 10, 2025; official FBI and Utah DPS investigations confirm he died from a gunshot wound, not an explosive device. https://dps.utah.gov/press-releases/updates-on-charlie-kirk-shooting-at-uvu/ https://www.fbi.gov/utahvalleyshootingupdates",Iran is willing to tell us more about Charlie Kirk than our FBI https://t.co/KYIE5jSt08,unhelpful_no_alt
https://x.com/i/status/2052736022254068203,yes,"This sighting (actually from 2025) does not correspond to a new type of natural coloration, but is likely to be the result of environmental contamination like a plane de-icing liquid spill, a common incident that causes abnormal coloration sightings on birds.    https://eeb.msu.edu/news/orange-alert-what-caused-the-colors-on-snowy-owl.aspx","A never-before-seen owl has been found in the USA.

While snowy  owls are known for their white feathers, this owl, nicknamed ""Rusty"" by locals, has an unexplained reddish-orange appearance. https://t.co/NUnEITZoyN",unhelpful_has_alt
https://x.com/i/status/2052363800750305773,no,"Sir David Attenborough turns 100 on May 8, 2026. Official records and the BBC indicate his birth date is May 8, 1926. Consequently, he remains 99 years old on May 7, with centennial tributes and public events scheduled to take place on Friday, May 8. https://www.britannica.com/biography/David-Attenborough https://www.bbc.com/mediacentre/articles/2026/sir-david-attenborough-100th-birthday-on-the-bbc","David Attenborough spent over 70 years teaching humanity about earth; he just turned 100. 
Thank you David, you're a light amongst the darkness. https://t.co/hJpIJjlZ4C",unhelpful_no_alt
https://x.com/i/status/2051342805721862240,no,"Bezalel Smotrich's actual quote from an Arutz Sheva interview is that his son asks him not to ""finish the work"" and leave him ""more to do"" in Lebanon. Smotrich did not use the word ""destroy,"" which is an interpretive translation of the original Hebrew audio. https://www.inn.co.il/news/695640 https://www.thenational.scot/news/26077858.israeli-minister-says-son-wants-more-do-lebanon-war/ https://today.lorientlejour.com/article/1505807/smotrich-my-son-keeps-asking-me-not-to-finish-the-job-so-theres-something-left-for-him-to-do-in-lebanon.html","Smotrich: 'My son wants me to leave some Lebanon for him to destroy later. I told him don't worry, there will be enough for everyone.'

Generational evil https://t.co/4uN3Lup4Y2",unhelpful_no_alt
https://x.com/i/status/2051122036781772958,no,"Each bag in this variety pack is labeled 0.875 oz — the net weight is accurately disclosed on the packaging. Bags are also filled with nitrogen gas, which is standard practice to cushion chips and prevent oxidation, not to deceive consumers. https://www.amazon.com/Simply-Variety-Snacks-0-875-Ounce/dp/B0792LF5DZ https://www.onsitegas.com/blog/potato-chip-bags-filled-air-nitrogen/","This is literally insane

This bag of chips is from the new Frito-Lay ‘Simply’ Variety 30 Pack at Sam’s Club

This is the amount of chips they put in the bags

This isn’t shrinkflarion anymore, it’s fraud

We are being robbed blind. This box is $16 and look how many chips you get https://t.co/NxMEFLXH4c",unhelpful_no_alt
https://x.com/i/status/2050005057836339601,no,"Kash Patel has not resigned as FBI Director. As of May 1, 2026, he remains in the role and was present at a White House press conference on April 27, 2026. No JP Morgan appointment has been announced. https://www.fbi.gov/about/leadership-and-structure/director-patel https://en.wikipedia.org/wiki/Kash_Patel",Breaking: Kash Patel resigns as head of FBI to take a position at JP Morgan https://t.co/tMdbduMBOt,unhelpful_no_alt
https://x.com/i/status/2049307857108304301,no,"Kirk was killed by Tyler Robinson, a 22-year-old American charged with aggravated murder. No evidence supports Israeli involvement. Israeli officials denied these claims, calling them ""false propaganda."" https://www.baptistpress.com/resource-library/news/first-person-separating-fact-from-conspiracy-in-kirk-assassination/","If you think Charlie Kirk was shot with a 30-06

You're a fucking retard.  

He was assassinated by Israel with a shape charge.

https://t.co/kKdRbpELto",unhelpful_no_alt
https://x.com/i/status/2047480871448412330,no,"The first video shown is a simulation from the Madden NFL video game series, not a live broadcast. The game graphics display “DRAFT 2020,” while Fernando Mendoza was selected in the 2026 NFL Draft. The second clip is the only authentic footage of the event. https://www.nfl.com/videos/raiders-select-fernando-mendoza-with-no-1-pick-in-2026-draft https://en.wikipedia.org/wiki/2020_NFL_draft","Fernando Mendoza is already getting PR help from the NFL 👀

1st clip is the awkward live reaction that was aired on the broadcast (little brother and family are wearing hats)

2nd clip is after the Mendoza’s REDID the celebration (no hats) and the NFL used it for Twitter 🫣 https://t.co/O6eBB3yBvM",unhelpful_no_alt
https://x.com/i/status/2047396591657767376,no,"The incident occurred at Trump International Hotel in Las Vegas, not Trump Tower. Livelsberger died from a self-inflicted gunshot wound; the explosion came from fireworks and fuel in the truck bed. No evidence he warned about anti-gravity propulsion or WW3. https://en.wikipedia.org/wiki/2025_Las_Vegas_Cybertruck_explosion","🚨Remember that one time when a U.S. Army Green Beret blew himself up in front of trump tower in a Tesla? 

He warned us about anti-gravitational propulsion systems and how it could start WW3

Most of the deceased/missing scientists worked on anti-gravity propulsion projects. https://t.co/lATgWEgcvy https://t.co/eU8GLg3Jny",unhelpful_no_alt
https://x.com/i/status/2047421996737171888,no,"The US Navy seized this Iranian cargo ship—it did not ""escape."" CENTCOM confirmed the vessel was boarded and taken into custody after defying a naval blockade. The claim it ""arrived safely in Iran"" contradicts US military reports. https://theatlantavoice.com/us-seizes-iran-linked-ship/","The US Navy tried to steal a cargo of rice.

Disgusting https://t.co/ML5YjVBun6",unhelpful_no_alt
https://x.com/i/status/2047452335719235819,yes,This is a nearly exact recreation - with no credit given - of a skit by Barstool Sports personality Lil Sasquatch.    https://youtu.be/4ww6r-R_5_s?si=S9XT8LvsYUAaFPUe,The @Raiders have officially selected Tyler Toney with the #1 overall pick. #NFLDraft https://t.co/4uiR67BhZc,unhelpful_has_alt
https://x.com/i/status/2047254161989718380,no,"The man in the second and third images is Jason Higgins (known as J Higg), a fitness influencer and Bernie Mac lookalike. He is not NBA player Jordan Poole. Poole does not have the extensive chest or arm tattoos visible in these photographs. https://sportsblogit.com/nba/jordan-poole-tattoos/ https://voyageatl.com/interview/community-highlights-meet-jeromy-brand-jr-of-rich-vibes-apparel/",Jordan got uncle Bernie Mac flipping in his grave right now💔 https://t.co/2RlHQv9JQd,unhelpful_no_alt
https://x.com/i/status/2046999701732442558,no,"George Washington was born in colonial Virginia and was American, not British. He led the Continental Army against Britain in the Revolutionary War and became the first U.S. president. The quoted tweet's analogy makes this same point. https://en.wikipedia.org/wiki/George_Washington",George Washington was British https://t.co/7ntcmQ4anX,unhelpful_no_alt
https://x.com/i/status/2046794210087702828,yes,"Photo shown in this video was originally taken on August 17, 2020 in Taiz, Yemen. It depicts 8-year-old Ruwaida Saleh, shot by a Houthi gunman, being dragged away by her brother.     Reuters debunked the falsely attributed posts/images in 2023:    https://www.reuters.com/fact-check/photo-child-lying-road-yemen-dates-2020-2023-11-17/    https://www.bbc.com/news/av/world-middle-east-56072279#:~:text=Yemen%3A%20The%20boy%20who%20saved%20his%20sister%20from%20a%20sniper    https://www.reuters.com/fact-check/photo-child-lying-road-yemen-dates-2020-2023-11-17/    https://www.arabnews.com/node/1810616/middle-east#:~:text=Ruwaida%20Saleh%2C%20who%20was%20shot%20in%20the%20head%20in%20August%202020    https://newschecker.in/fact-check/old-photo-from-yemen-falsely-shared-as-palestinian-boy-dragging-dead-sisters-body/    https://x.com/Shayan86/status/1788944450565071255    https://www.newarab.com/news/yemenis-rally-around-9-year-old-girl-shot-houthi-sniper    https://twitter.com/YemEmbassyNL/status/1462203244709621761    https://www.altnews.in/old-photo-of-child-killed-in-yemen-shared-as-recent-incident-from-gaza/",Israel is the enemy of the world. Truly only evil people can kill innocent children. https://t.co/DCSdR2sfVn,unhelpful_has_alt
https://x.com/i/status/2045165119861071961,no,No peer-reviewed study has found mRNA vaccines cause accelerated biological aging. A 4-year study of over 2 million vaccinated adults found no increased all-cause mortality compared to unvaccinated individuals. https://jamanetwork.com/journals/jamanetworkopen/fullarticle/2842305,💥SHOCKING revelation that mRNA vaccines biologically AGE recipients by 12 months for every year after they got the  jab!,unhelpful_no_alt
https://x.com/i/status/2043030845813068161,no,"Alter was arrested by Guatemalan authorities on a Mexican extradition request, not by Interpol (which issues notices but doesn't make arrests). The 160 children were rescued in a separate November 2024 Guatemala operation. https://www.jpost.com/international/article-881961","BREAKING🚨 INTERPOL have arrested Yoel Alter, an 35 year old Israeli who is a member of Lev Tahor, the world’s largest child sex trafficking ring.

Over 160 children have been rescued from this Jewish pedophile gang.

You might want to ask yourself why the media, politicians and https://t.co/nvvHgZVNCQ",unhelpful_no_alt
https://x.com/i/status/2041839264372068435,yes,"The image on the right is an edited version of a 1969 Apollo 11 photo, not from the 2026 Artemis II mission. NASA's actual Artemis II Earthset photo shows clouds over Australia and the Moon's Ohm crater.    https://petapixel.com/2026/04/07/artemis-ii-astronauts-capture-stunning-photo-of-earth-setting-behind-the-moon/    https://eol.jsc.nasa.gov/SearchPhotos/photo.pl?mission=AS11&amp;roll=44&amp;frame=6550",It’s a remarkable coincidence that the Earth was exactly the same orientation to the moon with exactly the same cloud coverage when these two pictures were taken 68 years apart. Am I now a coincidence theorist ? https://t.co/BzxpS8y3M6,unhelpful_has_alt
https://x.com/i/status/2040693419945980280,yes,"The video is from 1991 and shows US Air Force Colonel David Eberly, and F-15E pilot who was shot down over Iraq on 19 January 1991. He evaded capture until 22 January, and was subsequently held by the Iraqis as a Prisoner of War until his release in March 1991.    https://www.youtube.com/shorts/eBTGRXZ_SYs  https://airandspace.si.edu/support/wall-of-honor/colonel-david-w-eberly  https://en.wikipedia.org/wiki/List_of_combat_losses_of_United_States_military_aircraft_since_the_Vietnam_War#:~:text=and%20were%20rescued.-,January%2019,-%E2%80%93%20An%20F%2D15E",🚨 URGENT: 🇺🇸 U.S. Pilot Reportedly Captured in 🇮🇶 Iraq https://t.co/wSx5xNhDNR,unhelpful_has_alt
https://x.com/i/status/2040568154959610288,no,"The claim that the F-15E WSO has been recovered alive is false. Multiple news outlets confirm the pilot was rescued, but the search for the WSO remains ongoing. No reports corroborate Jack Murphy's claims of WSO recovery, ground evasion, or a ""massive firefight."" https://www.foxnews.com/live-news/second-us-fighter-jet-downed-by-strait-of-hormuz-as-search-for-f-15e-crew-member-in-iran-continues","🚨 The U.S. Air Force F-15E weapon systems officer has been recovered alive after ejecting over Iran yesterday, journalist Jack Murphy reports.

He said the WSO was evading capture on the ground as Iranian forces searched the area, with a “massive firefight” reported at the https://t.co/MLXD5kE5ix",unhelpful_no_alt
https://x.com/i/status/2039326923793244176,no,"This trade has not occurred. Browns GM Andrew Berry stated on March 29 that Garrett is ""a career Brown"" with no plans to trade him. Adam Schefter has not reported this deal. The image appears to be fabricated. https://heavy.com/sports/nfl/detroit-lions/myles-garrett-trade-update-maxx-crosby-aidan-hutchinson/","BREAKING: The Lions are trading 3 first-round picks to the Browns for future HOF DE Myles Garrett, per @ItsAdamSchefter

🚨🚨🚨 https://t.co/8UVaZ5gxL1",unhelpful_no_alt
