noteId,tweetId,currentStatus,coreNoteIntercept,noteLength,sourceCount,sourceTrust,sourceTrustTier,sourceDomains,tone,saysWrong,bridging,humanPrediction,humanShouldPost,tweetText,noteText
1782819700784717896,1782737430719627576,CURRENTLY_RATED_NOT_HELPFUL,,346,1,0.2,low,twitter.com,0.4,0,0.3,,,"","L'intimidation politique est inacceptable dans une démocratie .  Plus de 6oo convocations ont été adressées par le pouvoir en place.  Des condamnations sont déjà tombées contre des syndicalistes.  À gauche comme à droite , ces convocations sont décriées.  https://twitter.com/alancelin/status/1782809315788632451?t=bWNyOuqU-DERg0-tEV8iRA&amp;s=19"
1956807102136987745,1956265841869172983,CURRENTLY_RATED_NOT_HELPFUL,,612,3,0.4,unknown,amnesty.org; liberation.fr; lamarseillaise.fr,0.8,0,0.7,,,"","Les partis de gauche Ukrainiens (le Parti socialiste d'Ukraine et le Parti communiste d'Ukraine) sont bien interdits en Ukraine  https://www.amnesty.org/fr/latest/press-release/2015/12/ukraine-communist-party-ban-decisive-blow-for-freedom-of-speech-in-the-country/  https://www.liberation.fr/checknews/volodymyr-zelensky-a-t-il-suspendu-onze-partis-dopposition-ukrainiens-20220324_32PCSM7A4NGN7KF7OQN7OSHMYM/    Les droits syndicaux les plus fondamentaux ont aussi été attaqués par le gouvernement Ukrainien   https://www.lamarseillaise.fr/accueil/une-large-restriction-des-droits-syndicaux-en-ukraine-EC15537377"
1753615268134416792,1753590787130994745,CURRENTLY_RATED_NOT_HELPFUL,,73,0,0.5,unknown,,0.5,0,0.1,,,"","Elon is correct. It’s proven that illegal aliens have voted in election. "
1816609037728821444,1816584546218815522,CURRENTLY_RATED_HELPFUL,,255,1,0.4,unknown,thedirect.com,0.7,0.7,0.8,,,"","This isn’t true. Kimmel usually takes a Summer vacation, and he will return to Jimmy Kimmel Live! on Labor Day (Monday, September 2). He has two years left on his contract.     https://thedirect.com/article/jimmy-kimmel-where-now-when-return-what-happened"
1888279883442262206,1888190941141389824,CURRENTLY_RATED_NOT_HELPFUL,,328,1,0.4,unknown,metropoles.com,0.3,0.1,0.3,,,"","NNN- O vídeo em questão é um trecho de uma reportagem da metrópoles cujo o título é esse. Não há necessidade de utilizar as notas da comunidades com uma informação que pode estar facilmente nos COMENTÁRIOS. Parem de usar a Nota das comunidades de maneira incorreta. https://www.metropoles.com/saude/ovulo-emitindo-luz-fecundacao"
1953591498659754296,1953482204157235280,CURRENTLY_RATED_NOT_HELPFUL,,170,1,0.4,unknown,commonslibrary.parliament.uk,0.7,0.5,0.4,,,"","Government policies affect the economic data that is used to set interest rates, so they are responsible  https://commonslibrary.parliament.uk/research-briefings/sn02802/"
1986788840871166092,1986750686235627963,CURRENTLY_RATED_NOT_HELPFUL,,140,1,0.6,medium,en.wikipedia.org,0.2,0.5,0.2,,,"","It's not just &quot;tightening visa rules&quot;, it's a discrimination.    https://en.wikipedia.org/wiki/Discrimination_based_on_nationality"
1802464337140785206,1802319444569469129,CURRENTLY_RATED_HELPFUL,,310,1,0.4,unknown,leprogres.fr,0.8,0,0.8,,,"","&quot;C'est Nathalie Descours, ex-élue à Miribel et présidente de Renew, la version européenne de Renaissance dans l’Ain qui a reçu l'investiture de la majorité présidentielle dans la 5e circonscription de l'Ain.&quot;  https://www.leprogres.fr/elections/2024/06/16/la-majorite-presidentielle-lache-damien-abad"
1808483542525198756,1808435104244494596,CURRENTLY_RATED_HELPFUL,,179,1,0.2,low,x.com,0.8,0.7,0.5,,,"","תוכן הציוץ הופרך על ידי פייק ריפורטר; הדובר בסרטון הוא דרוזי, אין בו כל הבעת שמחה מהפיגוע.  https://x.com/FakeReporter/status/1808482637624881501?t=EiQXRUysDxUuiCMrWelNIw&amp;s=19"
1816510683887935723,1816264283333771538,CURRENTLY_RATED_HELPFUL,,265,1,0.2,low,tiktok.com,0.8,0.7,0.8,,,"","This is a skit and performed on a prop plane. This is evident by several factors. Notably:    1. Sticker Exit Sign  2. LED light strip  3. Total of (8) minutes in 4 separate videos on TikTok.    https://www.tiktok.com/@_ms.hustla03/video/7295752670269246766?lang=en"
2005812236313309601,2005472853920206961,CURRENTLY_RATED_NOT_HELPFUL,,280,0,0.5,unknown,,0.8,0,0.8,,,"","Nenhuma nota necessária, o post compartilhado é claro ao citar as diferenças entre a Copa Rio, intercontinental e Mundial, o autor do compartilhamento não está errado quando menciona “Mundial”, ainda são torneios de nível mundial, onde times de continentes diferentes participaram"
1782866139472646184,1782562675567796570,CURRENTLY_RATED_HELPFUL,,124,1,0.2,low,youtube.com,0.9,0.5,0.8,,,"","This screenshot is from ULTRA MIAMI 2023 - VICE CITY (Official Aftermovie).    https://www.youtube.com/watch?v=OQu28Gjkq04  "
1663285835620315137,1663187980247285762,CURRENTLY_RATED_HELPFUL,,369,1,0.4,unknown,foxnews.com,0.7,0,0.8,,,"","This story is from 2014: “Nearly 17,500 of the bizarre capsules have been grabbed from tourists' luggage... The capsules were made in northeastern China… dead babies' bodies were chopped into small pieces and dried on stoves before being turned into powder.”  https://www.foxnews.com/world/bizarre-craze-behind-smuggling-of-pills-containing-the-powdered-flesh-of-babies"
1820105284419047613,1820076273777221811,CURRENTLY_RATED_HELPFUL,,323,2,0.4,unknown,mhlw.go.jp,0.9,0.7,0.8,,,"","レプリコンワクチンとして、承認され、今般10月から始まるのは、新型コロナウイルス用のワクチンであり、肺炎球菌用のワクチンではありません。  https://www.mhlw.go.jp/content/10906000/001266060.pdf  肺炎球菌ワクチンは、定期接種にはニューモバックスNP（23価肺炎球菌莢膜ポリサッカライドワクチン）と呼ばれるレプリコンワクチンとは全く関係のないワクチンが使用されます。  https://www.mhlw.go.jp/stf/seisakunitsuite/bunya/kenkou_iryou/kenkou/kekkaku-kansenshou/haienkyukin/index_1.html"
1840531867390591340,1840528375368032262,CURRENTLY_RATED_HELPFUL,,320,1,0.4,unknown,web3antivirus.io,0.8,0.8,0.9,,,"","⚠️ Deceptive site ahead    Potential threats on ipfs[.]io include:      * Fake versions of MetaMask    * Secret Recovery Phrase or password theft    * Malicious transactions resulting in stolen assets    Advisory provided by Ethereum Phishing Detector and Web3 Antivirus - https://web3antivirus.io/scam-report/?id=524840"
2013166856371364038,2013131387184799982,CURRENTLY_RATED_NOT_HELPFUL,,218,3,0.4,unknown,archive2017.cdp-japan.jp; cdp-japan.jp,0.9,0.5,0.8,,,"","これは2020年9月に解散した旧立憲民主党の政策です。  https://archive2017.cdp-japan.jp/movie/20180620_0476    一方、現在の立憲民主党では、避難計画など安全性が担保されない限り再稼働は認められない、という立場です。  https://cdp-japan.jp/news/20211001_2257  https://cdp-japan.jp/news/20210519_1383"
1782096185664106617,1782054127075217441,CURRENTLY_RATED_NOT_HELPFUL,,165,1,0.4,unknown,jewishpress.com,0.2,0.7,0.2,,,"","surpreendentemente Está vivo  https://www.jewishpress.com/news/eye-on-palestine/israeli-wounded-trying-to-remove-booby-trapped-palestinian-authority-flag/2024/04/21/"
1683835060468989952,1683823831557758983,CURRENTLY_RATED_HELPFUL,,220,1,0.2,low,twitter.com,0.9,0.7,0.8,,,"","Trata-se de uma computação gráfica, fruto da colaboração entre a Warner Bros. e o Eye Studios. Não pode ser vista a olho nu.     https://twitter.com/lovindubai/status/1683748207908597761?s=46&amp;t=XonyQXB-GbZDrhAjdVNMYQ"
2023133657808900571,2023035886095794512,CURRENTLY_RATED_NOT_HELPFUL,,87,1,0.2,low,x.com,0.6,0.3,0.8,,,"","Content stollen without credit from https://x.com/fluxfolio_/status/2023017741037253068"
1934677553861816686,1934664858131419339,CURRENTLY_RATED_NOT_HELPFUL,,149,1,0.4,unknown,maps.app.goo.gl,0.8,0.7,0.8,,,"","They’re just maquettes, not actual F-14. You can confirm that by looking at older images on Google Maps.    https://maps.app.goo.gl/5vTvKxEJEYoVVLJT9"
2016724490340741329,2016548208907096335,CURRENTLY_RATED_NOT_HELPFUL,,351,1,0.4,unknown,univision.com,0.3,0.5,0.5,,,"","Senator Paul's comparison is inaccurate. Nicolás Maduro is not the legitimate president of Venezuela. He lost the election by 37%, yet decided to steal it and suppress his own people.&quot;    https://www.univision.com/noticias/america-latina/centro-carter-oea-sobre-elecciones-presidenciales-en-venezuela-edmundo-gonzalez-gano-mas-del-67-de-los-votos"
1644211699317194756,1643790226828013568,CURRENTLY_RATED_HELPFUL,,310,1,0.4,unknown,theolivepress.es,0.8,0.5,0.8,,,"","El Ku Klux Klan basó su vestimenta blanca en la de los nazarenos de la Hermandad de los Negritos de Sevilla, pero ambas organizaciones no tienen ninguna relación ideológica o histórica. https://www.theolivepress.es/spain-news/2022/04/16/why-are-the-semana-santa-hats-conical-and-are-they-linked-to-the-kkk/amp/"
2022111367679889539,2021983653576995005,CURRENTLY_RATED_NOT_HELPFUL,,41,0,0.5,unknown,,0.1,0,0.1,,,"","NNN.  Add a comment like a normal person."
1822456429233475948,1822381755782889624,CURRENTLY_RATED_NOT_HELPFUL,,93,0,0.5,unknown,,0.1,0.5,0.1,,,"","I thought Elon had removed all bot accounts. Since that’s true, this can’t be a bot account. "
1737362764597964972,1737083261866713403,CURRENTLY_RATED_HELPFUL,,772,5,0.9,high,theguardian.com; wsj.com; washingtonpost.com; nytimes.com; abc.net.au,0.8,0.7,0.8,,,"","This is false. Pavlou was suspended from the University of Queensland for protesting against the CCP.    https://www.theguardian.com/australia-news/2020/may/24/how-a-20-year-old-student-put-the-spotlight-on-australian-universities-cosy-relationship-with-china    https://www.wsj.com/articles/australian-student-critical-of-china-threatened-with-expulsion-prosecution-11589896253    https://www.washingtonpost.com/world/asia_pacific/student-known-as-vocal-critic-of-china-faces-expulsion-from-australian-university/2020/04/16/1a1e0a9a-7ee0-11ea-84c2-0792d8591911_story.html    https://www.nytimes.com/2020/05/29/world/australia/drew-pavlou-china-university-queensland.html    https://www.abc.net.au/news/2020-06-04/anti-china-activist-drew-pavlou-uq-senate-hearing/12320016"
1684810937939771392,1684580230382628868,CURRENTLY_RATED_NOT_HELPFUL,,31,0,0.5,unknown,,0.9,0,0.8,,,"","Ethanol has great drying power."
1851188609174630847,1851163408281780624,CURRENTLY_RATED_HELPFUL,,311,1,0.4,unknown,business.x.com,0.8,0.1,0.9,,,"","This post contains an advertisement for a gambling website.    It violates X's prohibition on promoting gambling content and breaches intellectual property rules by using copyrighted photos without permission for monetization.    https://business.x.com/en/help/ads-policies/ads-content-policies/gambling-content"
1932641488963326106,1932260376177222056,CURRENTLY_RATED_NOT_HELPFUL,,108,0,0.5,unknown,,0.1,0.5,0.1,,,"","I am old enough to have LITERALLY flown on Trumo airline and he peaked, at that time.  Downhill, ever since."
1736161447766323625,1736068314533695732,CURRENTLY_RATED_NOT_HELPFUL,,110,0,0.5,unknown,,0.2,0,0.1,,,"","NNN   this post doesn't need a CN , he is expressing his own opinion,  and the notes abive is pure abuse of CN"
1682314721993846784,1636965597463584769,CURRENTLY_RATED_HELPFUL,,151,1,0.2,low,youtu.be,0.9,0.7,0.9,,,"","動画に写っている兵士は本物の兵士ではなく役者です。    ロシア人歌手のアンナ・ハニナ(Anna Khanina)さんの楽曲「子守唄(Lullaby)」のミュージックビデオの撮影の一部分です。    実際のミュージックビデオはこちら  https://youtu.be/d84dw7EGWOU?t=78"
1740858991536992690,1740639144957903158,CURRENTLY_RATED_NOT_HELPFUL,,73,0,0.5,unknown,,0.8,0.3,0.2,,,"","外部のまとめサイト等への誘導は、X及びコミュニティノートへの協力者の影響力が及ばない情報との接触をうながすこととなるので、推奨できないと考えます。"
1922378012038987792,1922224947029553493,CURRENTLY_RATED_NOT_HELPFUL,,366,1,0.9,high,2001-2009.state.gov,0.4,0.3,0.3,,,"","The original court decision from 2010 declared it hate speech. Under that was overturned in 2022. Both decisions came after the end of apartheid, It is just not possible to rule out political bias of the new sentence.https://2001-2009.state.gov/r/pa/ho/time/pcw/98678.htm#:~:text=Apartheid%2C%20the%20Afrikaans%20name%20given,a%20democratic%20government%20in%201994."
1780633535490953567,1779846568218394993,CURRENTLY_RATED_NOT_HELPFUL,,94,0,0.5,unknown,,0.3,0.5,0.1,,,"","NNN This person is misinformed but they're expressing an opinion. Correct them in the replies."
2024592396793643305,2024414965541851246,CURRENTLY_RATED_HELPFUL,,92,1,0.2,low,x.com,0.3,0,0.8,,,"","Stolen tweet.    Original Poster is: https://x.com/denpafish/status/2024576635639398893?s=20"
1890083133716050250,1890040283246756210,CURRENTLY_RATED_HELPFUL,,412,1,0.4,unknown,noticias.uol.com.br,0.8,0.7,0.8,,,"","O perfil mostrado na imagem da esquerda é FALSO, e isso já foi constatado por agencias de checagem.     Nas redes sociais da Deise, a mulher que foi presa por assassinato, não existe indicações que denotem a ideologia politica dela ou de preferência em candidato &quot;X&quot; ou &quot;Y&quot;.    https://noticias.uol.com.br/confere/ultimas-noticias/2025/01/16/perfil-falso-deise-moura-apoiadora-bolsonaro.htm  "
1907505778812183024,1907446798689751110,CURRENTLY_RATED_NOT_HELPFUL,,126,1,0.6,medium,forbes.com,0.8,0.7,0.8,,,"","Switch 2 games are $90    https://www.forbes.com/sites/paultassi/2025/04/02/nintendo-switch-2-flips-the-switch-on-80-90-games/"
1719090321315725416,1718995783767191841,CURRENTLY_RATED_HELPFUL,,134,1,0.4,unknown,quoteinvestigator.com,0.9,0.7,0.9,,,"","Henry Ford never said that. The earliest record of this quote is 1999.     https://quoteinvestigator.com/2011/07/28/ford-faster-horse/"
1993700926620663836,1993580768191500468,CURRENTLY_RATED_HELPFUL,,217,1,0.4,unknown,share.google,0.8,0.7,0.9,,,"","This is a common scam tactic trying to get people to give out possible security question answers.    Protect Your Personal Information From Hackers and Scammers | Consumer Advice https://share.google/Iywe2X92f8S4fevqZ"
1772864770560938486,1772528556431786412,CURRENTLY_RATED_NOT_HELPFUL,,187,0,0.5,unknown,,0.2,0,0.2,,,"","NNN. Un solo viaje en el metro de París es suficiente para comprobar que las prácticas de higiene no son muy buenas. Entonces rumores o no, los datos expuestos tienen una cuota de verdad."
1735238925134840260,1735209273611682201,CURRENTLY_RATED_HELPFUL,,191,1,0.4,unknown,maldita.es,0.8,1,0.8,,,"","Es un bulo. Pablo Iglesias nunca escribió ese post. La imagen está manipulada.    https://maldita.es/malditobulo/20200330/pablo-iglesias-disfrutaria-viendo-como-matan-a-tiros-lideres-pp-bulo/"
1872000458992369914,1871801848333508878,CURRENTLY_RATED_HELPFUL,,311,1,0.4,unknown,business.x.com,0.8,0.2,0.8,,,"","This post contains an advertisement for a gambling website.    It violates X's prohibition on promoting gambling content and breaches intellectual property rules by using copyrighted photos without permission for monetization.    https://business.x.com/en/help/ads-policies/ads-content-policies/gambling-content"
1980881683617386929,1980810678786253117,CURRENTLY_RATED_HELPFUL,,137,1,0.9,high,washingtonpost.com,0.2,0.7,0.8,,,"","He can’t.        Hesgeth was a passenger   https://www.washingtonpost.com/national-security/2025/10/18/caine-hegseth-fighter-jets-nevada/"
1833182466196078696,1833158478921179409,CURRENTLY_RATED_HELPFUL,,147,1,0.2,low,x.com,0.9,0.7,0.8,,,"","An employee from Riot has stated that there currently are not any plans for a global release.    https://x.com/JoeHixson/status/1833176826145128457"
1980018124629180521,1979868849446244561,CURRENTLY_RATED_HELPFUL,,237,1,0.4,unknown,ndw.jp,0.8,0.7,0.9,,,"","The quote doesn't exist    The tweet and article are misquoting a Japanese article where Miyamoto explains why he made the Nintendo Museum    https://www.ndw.jp/nintendomuseum-interview-240925/  [Found under &quot;任天堂を選んでもらえる理由を作る&quot;]"
1874144556712943786,1873948343627636974,CURRENTLY_RATED_HELPFUL,,99,1,0.2,low,x.com,0.1,1,0.1,,,"","She lied    https://x.com/flakkopoetik/status/1874096087172346199?s=46&amp;t=HzFmlRGn8JNLnmBpda8Psg"
1747010710620524965,1746968371051032822,CURRENTLY_RATED_HELPFUL,,604,2,0.4,unknown,ansm.sante.fr; drees.solidarites-sante.gouv.fr,0.8,0.3,0.5,,,"","79% de la population française vax, soit 56M d'individus  31 000 décès par AVC par an en France, soit une moyenne de 85 par jour.  Statistiquement, sur 56 M vax, certains ont fait un AVC et en sont mort   123000 AVC hospitalisés en 2019. Avant covid     https://ansm.sante.fr/actualites/les-vaccins-a-arnm-contre-la-covid-19-naugmentent-pas-le-risque-dinfarctus-du-myocarde-daccident-vasculaire-cerebral-ou-dembolie-pulmonaire-chez-les-adultes-de-moins-de-75-ans    https://drees.solidarites-sante.gouv.fr/publications-communique-de-presse/etudes-et-resultats/en-france-les-avc-sont-plus-frequents-plus  "
1723233025788690794,1723197820067520535,CURRENTLY_RATED_HELPFUL,,206,1,0.9,high,sciencedirect.com,0.8,0.3,0.8,,,"","Stroke in children has existed prior to COVID-19 with more than 3.3 in 100,000 children suffered from ischemic stroke back in 2000.    https://www.sciencedirect.com/science/article/abs/pii/S107190910080025X"
1999935753472582064,1999783928886911474,CURRENTLY_RATED_HELPFUL,,381,2,0.2,low,instagram.com; nationalgeographic.com,0.8,0.7,0.8,,,"","The clip is AI-generated fiction, not a real cougar rescue — creators and reposts identify it as fabricated using AI: https://www.instagram.com/reel/DSKZnWvEvBX/ Real cougar attacks on cyclists can be violent or fatal and do not typically end in friendly “rescues”: https://www.nationalgeographic.com/animals/article/fatal-cougar-attack-washington-sj-brooks-isaac-sederbaum-animals"
1877618502544318573,1877471588762669183,CURRENTLY_RATED_NOT_HELPFUL,,269,1,0.4,unknown,sussex.com,0.8,0.3,0.8,,,"","The original post by Harry and Meghan also offer resources and assistance for those affected by the wildfires. The original post does not cover this important fact. You can find a link to the full post by Harry and Meghan - https://sussex.com/southern-california-fires/"
1881228975097499832,1881208660510355905,CURRENTLY_RATED_HELPFUL,,168,1,0.2,low,youtube.com,0.4,0.7,0.8,,,"","無関係な事象をこじつけたポストです。    青学大の選手がワクチンの集団接種を行ったのは、2枚目の画像から分かる通り、2022年3月26日・27日ですが、現在3年生の皆渡星七選手は2022年4月入学のため、ここに含まれていません。    関連動画  https://www.youtube.com/watch?v=8Ep9z97UK2U"
1730287507630117288,1730279821190529207,CURRENTLY_RATED_HELPFUL,,239,1,0.4,unknown,google.com,0.4,0.7,0.8,,,"","La información es claramente falsa, ya que la fotografía corresponde a una mujer agredida en Barcelona.    https://www.google.com/amp/s/www.lavanguardia.com/politica/20171001/431695207716/anciana-herida-votacion-referendum.html%3ffacet=amp"
1996297063596712032,1996274342771269716,CURRENTLY_RATED_HELPFUL,,227,1,0.9,high,snopes.com,0.6,0.7,0.8,,,"","No, $3B was not spent on electric vehicles at USPS. It was “allocated” which is a very different thing. The funds are reserved for them, which is behind schedule.    https://www.snopes.com/fact-check/electric-mail-trucks-biden/"
2025975011497107775,2025754905420742877,CURRENTLY_RATED_NOT_HELPFUL,,323,1,0.6,medium,en.wikipedia.org,0.4,0.7,0.5,,,"","Romusha labor &amp; famine killed huge numbers fast.  The ~903 stragglers who stayed &amp; fought Dutch deserve respect. many died &amp; are honored. But aid came after surrender and doesn't erase occupation pain or make us &quot;ungrateful.&quot;  https://en.wikipedia.org/wiki/Japanese_occupation_of_the_Dutch_East_Indies"
1871772163625079027,1871523767014527107,CURRENTLY_RATED_HELPFUL,,120,1,0.4,unknown,business.x.com,0.7,0.7,0.9,,,"","Contains undisclosed ad of a gambling website.   Its against X's policies.   https://business.x.com/en/help/ads-policies"
1749427966713426366,1749129840693829685,CURRENTLY_RATED_NOT_HELPFUL,,301,1,0.4,unknown,oratia.co.nz,0.7,0,0.4,,,"","Māori broadcaster and urban Māori advocate Willie Jackson supports Destiny's urban Māori status by arguing that Tamaki and Destiny Church had changed the lives of thousands of former Māori criminals, fraudsters, and drug dealers for the better.    Soruce: https://www.oratia.co.nz/product/urban-maori/"
1883061778105401835,1882945598774710387,CURRENTLY_RATED_NOT_HELPFUL,,588,3,0.2,low,x.com; willax.pe,0.1,0.7,0.5,,,"","TRAUMA. El atacante fue un hincha de Alianza Lima que arrojó una piedra de forma deliberada al policía. Hasta llevaba puesto un buzo de Alianza. Un hincha cagón que no tenía nada que hacer en la presentación de su PAPÁ. Pero ahí aparecen los angelitos, todo traumados.     https://x.com/artromer_/status/1882940367470993814?t=XwoWEUtIS8QG_E4UkMaNKw&amp;s=19    https://x.com/andre121299_/status/1882957118711705945?t=qVeNyk5lEFd-lbHMHyNJgw&amp;s=19    https://willax.pe/actualidad/policia-resulto-herido-durante-traslado-de-barristas-de-la-u-a-la-noche-crema-detienen-a-presunto-implicado"
1834439487700783177,1834425274059948085,CURRENTLY_RATED_HELPFUL,,804,6,0.4,unknown,science.feedback.org; aap.com.au; cancerresearchuk.org; fullfact.org; medicalnewstoday.com,0.8,0.7,0.8,,,"","Claims about B17 or amygdalin curing cancer are false and dangerous. In the body, amygdalin is broken down into cyanide. It is important for individuals to rely on scientifically validated treatments. B17 in not a vitamin or a treatment for cancer.    https://science.feedback.org/review/vitamin-b17-neither-vitamin-nor-cancer-treatment-can-cause-cyanide-poisoning/    https://www.aap.com.au/factcheck/cancer-patients-warned-against-toxic-vitamin-b17-miracle-cure/    https://www.cancerresearchuk.org/about-cancer/treatment/complementary-alternative-therapies/individual-therapies/laetrile    https://fullfact.org/health/vitamin-B17-cancer/    https://www.medicalnewstoday.com/articles/b17-vitamin#summary    https://www.aap.com.au/factcheck/cancer-patients-warned-against-toxic-vitamin-b17-miracle-cure/"
1672588449898201088,1672367408651051009,CURRENTLY_RATED_HELPFUL,,281,1,0.4,unknown,skynews.com.au,0.9,0.7,0.9,,,"","This footage was taken in Sydney Australia (15 June 2023), and not Los Angeles    https://www.skynews.com.au/australia-news/video-footage-emerges-of-wild-fight-between-teen-customer-and-mcdonalds-worker-inside-sydneys-wynyard-station/news-story/39f9b3671e5ec7e675c815d7a789a90a?amp"
2028722909389422885,2028461721158136171,CURRENTLY_RATED_HELPFUL,,390,3,0.4,unknown,smartlog.jp; tanoshiiosake.jp; umin.ac.jp,0.9,0,0.8,,,"","テキーラのショットグラス1杯は通常30～45mL程度とされており、最も少量の30mLとしても32杯で960mLとなります  https://smartlog.jp/157949    テキーラのアルコール濃度は、メキシコのテキーラ規制委員会の規制で35～55度と決まっています  https://tanoshiiosake.jp/11044    したがって、32杯のテキーラに含まれるアルコール量は、少なく見積もって30mL×32杯×0.35=336mLとなります    成人のアルコール致死量は体重1kgあたり6～10mLであるため、体重50kgの成人女性であれば300～500mLとなり、体質等にもよりますが上記の量で充分に死亡する危険性があることに留意が必要です  https://www.umin.ac.jp/chudoku/chudokuinfo/i/i071.txt"
1761036416576868396,1761023614512493030,CURRENTLY_RATED_HELPFUL,,407,2,0.2,low,youtube.com; zdf.de,0.9,0.3,0.8,,,"","In der YouTube-Version der Folge vom 16.02.24 ist die Szene mit dem betreffenden Zitat („Nicht immer die Nazi-Keule rausholen, sondern vielleicht einfach mal ein paar Nazis keulen.“) nicht enthalten.    https://www.youtube.com/watch?v=JFBVpNgehIg&amp;t=1596s    Zitat ab Minute 33:15 in der vollständigen Sendung:  https://www.zdf.de/comedy/zdf-magazin-royale/zdf-magazin-royale-vom-16-februar-2024-106.html"
2018258259803623531,2018196754529997132,CURRENTLY_RATED_NOT_HELPFUL,,371,1,0.4,unknown,flgov.com,0.8,0.7,0.8,,,"","This is false. No released Epstein files contain any accusations against DeSantis. He actually signed legislation authorizing release of Epstein grand jury records. The Epstein case involved abuse of teenage girls, not the claims in this post.      https://www.flgov.com/eog/news/press/2024/governor-desantis-signs-legislation-authorize-release-jeffrey-epstein-grand-jury"
1883927340721291718,1883626364315803665,CURRENTLY_RATED_HELPFUL,,367,2,0.4,unknown,sueddeutsche.de; archive.is,0.8,0.7,0.8,,,"","Das Land Bayern nennt nicht Klimaaktivismus als Grund, ihr das Referendariat zu verweigern. Als Gründe für diese Entscheidung werden stattdessen ihre marxistische Gesinnung sowie Tätigkeit und Mitgliedschaft in extremistischen Organisationen angeführt.     https://www.sueddeutsche.de/politik/lehrer-berufsverbot-bayern-aktivismus-li.3186273  https://archive.is/JCBd3"
1828130176347033953,1828039806003069283,CURRENTLY_RATED_HELPFUL,,208,1,0.4,unknown,voragine.co,0.8,0,0.5,,,"","La &quot;embotelladora&quot;, según investigaciones periodísticas es Coca-Cola-Col FEMSA de Colombia.  https://voragine.co/historias/investigacion/la-calera-agua-para-coca-cola-y-bogota-pero-no-para-su-gente/"
1837114462442295363,1836677850390499640,CURRENTLY_RATED_NOT_HELPFUL,,185,1,0.4,unknown,yuhikaku.com,0.8,0.3,0.8,,,"","あくまで国籍を理由とした販売拒否は、判例上も認められていないことに留意が必要です。  このような行為を行った店舗は、行政指導の対象となり得ます。  https://yuhikaku.com/articles/-/18761    もっとも、当該店舗では「外国人」の定義が曖昧であり、国籍による差別に該当するかどうかを判断するには資料が不足していることにも注意が必要です。"
2027711397317030029,2027671597943812286,CURRENTLY_RATED_NOT_HELPFUL,,44,0,0.5,unknown,,0.8,0,0.2,,,"","NNN - Twitter is not a valid source for CN. "
1805713047731978560,1805712712112259126,CURRENTLY_RATED_HELPFUL,,594,5,0.2,low,x.com; help.twitter.com; techtarget.com; consumer.ftc.gov; medium.com,0.6,1,0.9,,,"","🚨 WARNING 🚨    ⚠️ SCAM ⚠️    This is a scam &amp; not posted from Blast’s verified account @Blast_L2:    https://x.com/Blast_L2    It’s a false promotion using the name &amp; logo for publicity to steal personal information &amp;/or other assets.    https://help.twitter.com/en/rules-and-policies/financial-scam    https://www.techtarget.com/whatis/feature/Common-cryptocurrency-scams    https://consumer.ftc.gov/articles/what-know-about-cryptocurrency-and-scams#scams    https://medium.com/giveaway-com/3-ways-to-spot-a-fake-social-media-giveaway-and-protect-yourself-from-scams-de687949b18a"
1954237935936811413,1953991025178915300,CURRENTLY_RATED_NOT_HELPFUL,,50,0,0.5,unknown,,0.8,0.5,0.6,,,"","This image is AI generated acording to wasitai.com"
1793061272520622358,1792643204308758780,CURRENTLY_RATED_HELPFUL,,519,3,0.4,unknown,sonix.ai; en.wikipedia.org; theprowlernews.org,0.8,0.5,0.7,,,"","It was Bloomberg Businessweek that first titled TS &quot;the music industry&quot;, and then Barbara Walters famously quoted it, since then, due to her continuous impact, journalists keep naming her with this and more titles, but there is no record of Taylor naming her self with it.    https://sonix.ai/resources/full-transcript-taylor-swift-interviewed-barbara-walters/  https://en.wikipedia.org/wiki/Cultural_impact_of_Taylor_Swift  https://www.theprowlernews.org/reviews/2023/11/29/taylor-swift-the-music-industry/  "
2007243267713147307,2006970570769101234,CURRENTLY_RATED_NOT_HELPFUL,,170,1,0.4,unknown,app.gptzero.me,0.6,0.3,0.5,,,"","Very high likelihood that this is all AI generated. Doesn’t mean it all fake but readers must be made aware there is heavy AI fingerprints on it.  https://app.gptzero.me/"
1742224839392313372,1742091501423698113,CURRENTLY_RATED_NOT_HELPFUL,,155,0,0.5,unknown,,0.3,0,0.8,,,"","NNN. This is an opinion, can’t be misleading. No additional context is needed. If the post breaks TOS, report it. That is not what community notes is for. "
1853192225510871320,1853175936998375576,CURRENTLY_RATED_HELPFUL,,363,1,0.2,low,x.com,0.8,0.5,0.7,,,"","La foto que presenta el post original esta sacada de contexto y muestra a un bombero con una expresión que podría llevar a malinterpretarse, pero en el siguiente post se puede ver la secuencia completa de fotos al mismo bombero donde no se aprecia expresión controversial.    https://x.com/Alex37284460/status/1853167054779560184?t=a2nYBhtTIrvHeTeOIWcrbQ&amp;s=19"
1984822565047537989,1984772989292789982,CURRENTLY_RATED_HELPFUL,,190,1,0.2,low,youtube.com,0.9,0.7,0.9,,,"","O técnico santista Juan Pablo Vojvoda não fez essa declaração em momento algum da entrevista coletiva pós-jogo em 01/10/2025.     https://www.youtube.com/live/HoJCqdprB4Y?si=Q2ZdKGe0P_Jl78EB"
1859053564183933330,1858913879050342476,CURRENTLY_RATED_HELPFUL,,154,1,0.4,unknown,m.imdb.com,0.9,0.7,0.9,,,"","While it did happen, this video is not the real video of it. This is a scene from a movie that was about the incident. https://m.imdb.com/title/tt0087232/"
1711097681081254087,1711069922628174008,CURRENTLY_RATED_HELPFUL,,236,2,0.2,low,tiktok.com; x.com,0.9,0.7,0.8,,,"","This digitally altered copy of a video, published on September 28, 2023 here https://tiktok.com/@ramiguerfi41/video/7283689424565619973, does not show Gaza.    Screencap from TikTok: https://x.com/546f436f6465/status/1711094678966136871"
1760947778425950471,1760859384240816639,CURRENTLY_RATED_NOT_HELPFUL,,284,1,0.6,medium,en.m.wikipedia.org,0.9,0,0.8,,,"","Pickled punks is the carny term for human babies preserved in jars of preservative such as formaldehyde, which were used as sideshow attractions.    https://en.m.wikipedia.org/wiki/Pickled_punks#:~:text=The%20classic%20pickled%20punk%2C%20floating,in%20the%20banner%20lines%20outside."
1865439132882972916,1865416869148070292,CURRENTLY_RATED_NOT_HELPFUL,,178,1,0.6,medium,pt.m.wikipedia.org,1,0.5,0.9,,,"","A capacidade máxima oficial do Estádio Jornalista Mário Filho (Maracanã) é de 78.838 espectadores.    https://pt.m.wikipedia.org/wiki/Est%C3%A1dio_Jornalista_M%C3%A1rio_Filho    "
1864887007224434719,1864554585651642756,CURRENTLY_RATED_HELPFUL,,406,2,0.4,unknown,jstage.jst.go.jp; jss-sociology.org,0.8,0.7,0.8,,,"","古市氏が査読付き論文を投稿していないというのは明らかに誤りです。  既にリプライでも指摘のある通り、姓名の間にスペースを入力するとヒットします。  この中で「創られた「起業家」」と題された論文は『社会学評論』に掲載されており、こちらは日本社会学会の発行する査読付き論文雑誌ですので、古市氏には最低でも1報は査読付き論文の実績があります。    【該当論文】  https://www.jstage.jst.go.jp/article/jsr/63/3/63_376/_article/-char/ja    日本社会学会、編集委員会規程施行細則に査読を行うことが明記されています。  https://jss-sociology.org/bulletin/sociological_review/  活動期間に比して査読付き論文数が極端に少ないことは事実ですが、査読付き論文を持っていないという点は明確に誤りです。"
1739733681009291467,1739706717556863308,CURRENTLY_RATED_HELPFUL,,584,5,0.9,high,cbc.ca; youtube.com; uk.news.yahoo.com; georgewbush-whitehouse.archives.gov; govinfo.library.unt.edu,0.8,0,0.8,,,"","Osama Bin Laden took credit for the 9/11 attacks, explaining that he did this in the name of Islam.     https://www.cbc.ca/news/world/bin-laden-claims-responsibility-for-9-11-1.513654    https://www.youtube.com/watch?v=MiIU3ZGgWg8    https://uk.news.yahoo.com/on-this-day-osama-bin-laden-911-terrorist-attacks-141612118.html     https://georgewbush-whitehouse.archives.gov/news/releases/2006/09/text/20060905-7.html    The US government confirmed and concluded that Islamic terrorists are responsible for 9/11 attacks.     https://govinfo.library.unt.edu/911/report/911Report_Exec.htm"
1703654037252366355,1703442022747566211,CURRENTLY_RATED_NOT_HELPFUL,,189,0,0.5,unknown,,0.1,0.5,0.1,,,"","Kremlin propaganda, outright lies and disinformation are hardly free speech. They're lies, propaganda and disinformation son. Are you a full on vatnik now? Ever considered moving to ruSSia?"
1975146630350520658,1974885235025400305,CURRENTLY_RATED_HELPFUL,,187,1,0.4,unknown,caniphish.com,0.3,0.7,0.8,,,"","Fake information alert 🚨     For those who can’t tell  A- this video is AI  B- here is a link to a site with tips on how to detect AI    https://caniphish.com/blog/how-to-spot-ai-videos "
1400227272364331010,1400146512148115460,CURRENTLY_RATED_HELPFUL,,408,2,0.4,unknown,nyse.com; thestreet.com,0.8,0.7,0.8,,,"","Robinhood did not prevent users from trading AMC stock themselves. Instead, the New York Stock Exchange halted trading AMC on June 2, 2021. Current and historical halts can be found here: https://www.nyse.com/trade-halt-current    https://www.thestreet.com/investing/amc-passes-60-halted-by-nyse-jim-cramer-says-stock-overvalued    The screenshot shared also specifies that stock exchanges have halted trade."
1822042327847743901,1822034657724223713,CURRENTLY_RATED_HELPFUL,,117,1,0.2,low,youtu.be,0.9,0.7,0.8,,,"","O vídeo é antigo, se trata de uma comemoração de um clube da Argélia.     https://youtu.be/RxsleHxMeXs?feature=shared"
1988076110710821279,1987883190300873006,CURRENTLY_RATED_HELPFUL,,158,1,0.2,low,x.com,0.9,0.3,0.8,,,"","Google Maps also has a 3D representation of Cinderella's Castle in WDW     https://x.com/Steffurt/status/1987991181444211108?t=EpQTzXI9GslQXDv18SXzZg&amp;s=19"
1895971017501110678,1895835662596915246,CURRENTLY_RATED_HELPFUL,,391,1,0.4,unknown,lupa.uol.com.br,0.8,0.7,0.8,,,"","As cenas exibidas não são de um arrastão, mas de uma paralisação motivada por um protesto que ocorreu em agosto de 2023.   À época, um jovem de 26 anos foi morto por um policial militar a tiros na zona sul do Rio. Em protesto, parentes e amigos interromperam o tráfego do Túnel.    https://lupa.uol.com.br/jornalismo/2025/02/27/arrastao-nao-foi-causa-de-fugas-em-tunel-do-rio-video-e-de-2023"
1740631274841100614,1740619373814108569,CURRENTLY_RATED_NOT_HELPFUL,,277,1,0.4,unknown,historyvshollywood.com,0.9,0,0.8,,,"","Several weeks after the Chernobyl disaster, a helicopter crashed over the site when its blade tangled with a crane that was working to rebuild the destroyed building. All members of the crew died.     https://www.historyvshollywood.com/video/chernobyl-helicopter-crash-footage/"
1783144966044443074,1783063800838766792,CURRENTLY_RATED_HELPFUL,,774,9,0.4,unknown,nordot.app; twitter.com; togetter.com; www3.nhk.or.jp; internet.watch.impress.co.jp; news.yahoo.co.jp; all-senmonka.jp; securitynews.so-net.ne.jp; mame-yaro.com,0.8,0.7,0.8,,,"","有名人や億万長者だと騙るお金配り詐欺が横行しています    ○最新記事  ①Ｘでの「お金配り」投稿に注意　特殊詐欺グループが関与か  https://nordot.app/1139706578399822471  https://twitter.com/sasakitoshinao/status/1767688021816529315  ②Twitterで「お金配り」に当選したところ詐欺の片棒を担がされてしまった手口が恐ろしい  https://togetter.com/li/1946785  (①の掲載期間が終了した時は同じ事例の②参照)    ○被害  ・特殊詐欺に巻き込まれる(①②より)  ・騙しやすい人物として個人情報を業者に売られる  ・金銭を騙し取られる  ・迷惑メッセージが届く    ○参考  ・取材  https://www3.nhk.or.jp/news/special/net-koukoku/article/article_17.html    ・目的  https://internet.watch.impress.co.jp/docs/column/dlis/1445583.html  https://news.yahoo.co.jp/expert/articles/41f86b011cc90c9036a6b2564965bc132582634b  https://www.all-senmonka.jp/moneyizm/77501/  https://securitynews.so-net.ne.jp/topics/sec_20066.html  https://mame-yaro.com/present/    同様の手口でノートが必要な投稿には、 #ノート推奨 と入力して引用ポストをお願いします"
2018397520645230639,2018320306583318880,CURRENTLY_RATED_HELPFUL,,314,1,0.2,low,x.com,0.7,0.9,0.8,,,"","Account based in Pakistan, scams people by posting sad stories and photos that are either AI or belong to other people in an attempt to get engagement.      This account is part of a larger group of accounts that sell their scam AI artwork in the comments of their viral posts.    https://x.com/wisdom_xplorer?s=21"
1933793580453175440,1933602592392679601,CURRENTLY_RATED_HELPFUL,,77,1,0.6,medium,en.m.wikipedia.org,0.7,0.7,0.8,,,"","They were never Christian    https://en.m.wikipedia.org/wiki/Religion_in_Iran"
1820127868543742417,1819994469938413844,CURRENTLY_RATED_NOT_HELPFUL,,514,3,0.4,unknown,nbcolympics.com; worldathletics.org; watchathletics.com,0.8,0,0.3,,,"","Lors des Jeux Olympiques de Paris 2024, Ewa Swoboda a effectué un salut avant sa course. Ce geste était destiné à exprimer sa reconnaissance envers ses fans et son équipe, ajoutant une touche personnelle et émotionnelle à son parcours olympique​    https://www.nbcolympics.com/athletes/ewa-swoboda-1191459  https://worldathletics.org/news/report/copernicus-cup-torun-2024-swoboda-barega-hailu  https://www.watchathletics.com/article/11722/ewa-swoboda-defeats-olympic-sprint-champion-thompson-herah-in-60m-in-torun/"
1809235028066373696,1809092869795500198,CURRENTLY_RATED_HELPFUL,,357,1,0.4,unknown,capitalfm.com,0.8,0.7,0.8,,,"","Jack Antonoff does not mention Billie Eilish in this interview. He was talking about not thinking the process of ordering lunch was worth writing about in his opinion.    The Billie Eilish song “Lunch” is not about actual lunch. It is a song explicitly about lesbian sex.    https://www.capitalfm.com/news/music/billie-eilish-lunch-lyrics-meaning-about-who/"
1811129515810472154,1810794993688121579,CURRENTLY_RATED_NOT_HELPFUL,,345,2,0.6,medium,es.m.wikipedia.org; lavanguardia.com,0.1,0.7,0.2,,,"","El bueno de &quot;Javier Coñete&quot; realiza una comparación entre la vida un insignificante personaje ficticio y las hazañas futbolísticas de un chaval de tan solo 16 años con el fin de menospreciarle.    https://es.m.wikipedia.org/wiki/Jon_Nieve    https://www.lavanguardia.com/deportes/futbol/20240710/9794343/todos-records-lamine-yamal.html"
1758429205430485445,1758124425785004411,CURRENTLY_RATED_NOT_HELPFUL,,156,1,0.4,unknown,contest.japias.jp,0.4,0.5,0.4,,,"","こうした国でいじめが厳罰化されているのは、そもそもいじめに限らない少年犯罪が厳罰化しているからです  そして、こうした少年犯罪の厳罰化は失敗であったことが明らかとなっています    https://contest.japias.jp/tqj2003/60147/ice/shounenn/-america.htm"
1916245086477947221,1915967674711969907,CURRENTLY_RATED_HELPFUL,,92,1,0.2,low,x.com,0.2,0.7,0.8,,,"","Stolen word for word bar for bar    https://x.com/geneslovee/status/1514229170150297606?s=46"
1928124089803100526,1927704135224197614,CURRENTLY_RATED_NOT_HELPFUL,,931,8,0.6,medium,en.wikipedia.org; libguides.fdlp.gov; sites.evergreen.edu; military-history.fandom.com; pbs.org; archive.globalpolicy.org; gettysburgflag.com,0.8,0.5,0.5,,,"","The claim that the video is &quot;trying to convince white men to go and die for Israel, again&quot; is inaccurate. In fact, no soldier in the American army - whatever his origin - has ever died fighting for Israel.    https://en.wikipedia.org/wiki/Foreign_interventions_by_the_United_States    https://en.wikipedia.org/wiki/List_of_wars_involving_the_United_States_from_the_20th_century    https://libguides.fdlp.gov/military-history-american-conflicts-and-wars    https://sites.evergreen.edu/zoltan/wp-content/uploads/sites/358/2024/04/InterventionsList2024.pdf    https://military-history.fandom.com/wiki/List_of_wars_involving_the_United_States    https://www.pbs.org/wgbh/pages/frontline/shows/military/etc/cron.html    https://archive.globalpolicy.org/us-westward-expansion/26024-us-interventions.html    https://www.gettysburgflag.com/history-of-american-wars?srsltid=AfmBOooiB5I1qdgySv9rlG47O4Z_FAFn0Fp_iltdt4efV39c0zlM_klb"
1741192670045942251,1741190684726669321,CURRENTLY_RATED_HELPFUL,,387,2,0.4,unknown,makeuseof.com; geekflare.com,0.7,0.9,0.8,,,"","This project is a scam, as it lacks the following:    Code: Not verified on explorer.    Details: Missing a clear purpose, use case, roadmap, and whitepaper.    Contact: Unreachable.    Team: Lack of transparency and trustworthiness.    Airdrop: Fake    Liquidity: Not high and free.    https://www.makeuseof.com/twitter-scams/    https://geekflare.com/identify-a-scam-crypto-token-coin/"
1932539392268419257,1932449171572998310,CURRENTLY_RATED_NOT_HELPFUL,,230,1,0.2,low,x.com,0.7,0.5,0.8,,,"","https://x.com/stellafudge/status/1932449171572998310?s=46    In the Image you can see this Applies to AirPort Disks. Other Time Capsule Disks probably means the other AirPort Models. It doesn't state Time Machine wont work at all."
1651610205543895040,1651605559798386691,CURRENTLY_RATED_HELPFUL,,377,3,0.4,unknown,mathsisfun.com; rapidtables.com; mymathtables.com,0.8,0.7,0.9,,,"","This calculation is false. 4 + 4 does not equal to 9. The real answer is as follows:    4 + 4 = 8    The correct calculation can be inferred from the addition tables in the following resources:    https://www.mathsisfun.com/numbers/addition-table.html    https://www.rapidtables.com/math/number/addition-table.html    https://www.mymathtables.com/addition-timestable-1to12.html"
1721552270419271819,1721530289606852947,CURRENTLY_RATED_HELPFUL,,340,1,0.6,medium,independent.co.uk,0.8,0,0.8,,,"","The incident involving Hana Mahameed, happened in 2015 during a clash between Israeli police and demonstrators in East Jerusalem. She was hit in the face by an Israeli stun grenade.    https://www.independent.co.uk/news/world/journalist-hana-mahameed-back-on-screen-after-being-hit-in-face-by-israeli-grenade-in-east-jersualem-a6679711.html"
1810380146345472392,1810371241456578568,CURRENTLY_RATED_HELPFUL,,741,6,0.4,unknown,techarp.com; forbes.com; consumer.ftc.gov; bitdefender.com; help.x.com,0.6,1,0.9,,,"","🚨 WARNING 🚨    ⚠️ SCAM ⚠️    This is a scam &amp; is not posted from the official @Tesla verified account.     It is a false promotion using Musk &amp; his companies for publicity in an attempt to steal personal information &amp;/or other assets.     https://www.techarp.com/crime/elon-musk-bitcoin-ethereum-scam/    https://www.forbes.com/sites/mattnovak/2023/07/23/spacex-crypto-scams-featuring-elon-musks-photo-still-common-on-twitter/    https://consumer.ftc.gov/articles/what-know-about-cryptocurrency-and-scams    https://www.bitdefender.com/blog/hotforsecurity/twitter-and-youtube-crypto-scams-are-rampant-what-do-they-have-in-common/    https://consumer.ftc.gov/node/77130    https://help.x.com/en/rules-and-policies/financial-scam"
1831996702024204728,1831918945454137828,CURRENTLY_RATED_HELPFUL,,629,6,0.4,unknown,investors.pfizer.com; youtube.com; pfizer.com; cancer.gov; x.gd,0.8,0.7,0.8,,,"","ファイザーの年一回の今年の株主総会、は４月２５日に行われており、内容は公開されています(下記のwebcastの項目)。  https://investors.pfizer.com/Investors/Events--Presentations/event-details/2024/Annual-Meeting-of-Shareholders/default.aspx  株主の様々な質問を受ける箇所は45分頃～23分程存在します。  川田議員の発言に近いやりとりはされていません。  確認し易いように字幕もつけられ、文字書き起こしを検索できるようにしました(もっと見る→文字起こしを表示ボタン  https://www.youtube.com/watch?v=HQK4scTPefc  米国立がん学会はワクチンが癌リスクになるデータはないと公表していますしpfizerも同様の見解です。  https://www.pfizer.com/about/responsibility/misinformation  https://www.cancer.gov/about-cancer/coronavirus/covid-19-vaccines-people-with-cancer#  そうした株主総会発言があったとの噂は英語圏で日本語圏でもｘで昨日まで噂にすらなっていません。  https://x.gd/JOPVB  https://x.gd/RZKpR"
1708959371994988797,1708930555876680063,CURRENTLY_RATED_HELPFUL,,232,1,0.9,high,bbc.co.uk,0.9,0,0.9,,,"","A lightning strike has caused an explosion at a food waste recycling plant in Oxford.    The company said the lightning strike caused one of its biogas tanks to explode.     https://www.bbc.co.uk/news/uk-england-oxfordshire-66990100"
1772939840385880395,1772911827766112758,CURRENTLY_RATED_HELPFUL,,470,2,0.9,high,aljazeera.com; time.com,0.9,0.7,0.8,,,"","Same-sex marriage is not yet legal in Thailand.    The bill supporting same-sex marriage has been passed in the lower house, but the upper-house Senate and the King has to approve and endorse it too before the bill takes legal effect.    https://www.aljazeera.com/news/2024/3/27/thai-parliament-passes-same-sex-marriage-bill    https://time.com/6960924/thailand-same-sex-marriage-law-parliament/#:~:text=The%20bill%20will%20now%20need,take%20effect%20120%20days%20later."
1705012400276062327,1703693679297220882,CURRENTLY_RATED_HELPFUL,,574,4,0.4,unknown,chatcontrole.nl; webgate.ec.europa.eu; patrick-breyer.de; cyberlaw.stanford.edu,0.8,0.7,0.7,,,"","Deze ad is misleidend. Het voorstel laat de EU alle berichten (lokaal) op alle telefoons scannen. De enquête verbergt dit en spreekt van &quot;’ONLINE’ berichten, e-mail, chat en sociale media&quot;. &quot;De meerderheid van de burgers ondersteunt het&quot; is dus onjuist.    https://chatcontrole.nl/    https://webgate.ec.europa.eu/ebsm/api/public/deliverable/download?doc=true&amp;deliverableId=88194 (p. 23)    https://www.patrick-breyer.de/en/posts/chat-control/    https://cyberlaw.stanford.edu/blog/2023/06/eu-member-states-still-cannot-agree-about-end-end-encryption"
1688712968752779584,1688663555854225409,CURRENTLY_RATED_HELPFUL,,428,3,0.4,unknown,gameclub.jp; rocketnews24.com; news.yahoo.co.jp,0.8,0.7,0.8,,,"","お金配りは下記の目的のためにツイートしており、お金がもらえることはほぼありません。    ①フォロー/リプ/いいね/RTさせて  ・ツイートを拡散し②③を効率化  ・人気のあるアカウントとして販売する  参考：https://gameclub.jp/twitter    ②LINEやメールアドレスを登録させて  ・①③に誘導  ・お金配りで稼げる等の情報商材を販売→お金に困っている人をお金配り化  参考：https://rocketnews24.com/2023/01/10/1737209/    ③口座情報や電話番号を登録させて  ・①②に誘導  ・（特に危険）振り込め詐欺等の犯罪で使う  参考：https://news.yahoo.co.jp/byline/ohmototakashi/20220920-00315981    また①②③のうち1つでも行動した参加者はカモとしてリスト取りされ、リストが共有され再び①②③のターゲットにされます。"
1794988310604992678,1794769650154361250,CURRENTLY_RATED_HELPFUL,,252,1,0.4,unknown,timesofisrael.com,0.9,0.3,0.8,,,"","Missing context: This was said on October 7th, 2023, the same day as the Hamas attack, and before the Israeli ground invasion of Gaza had taken place.    https://www.timesofisrael.com/zelensky-israel-has-indisputable-right-to-defend-itself-from-terror/"
1912821724535529682,1909560051645263924,CURRENTLY_RATED_NOT_HELPFUL,,363,1,0.2,low,x.com,0.6,0.7,0.5,,,"","This long post is downplaying the varanasi gangrape. She was heavily drugged and that's why she wasn't able to shout or ran away when she was being taken to restaurants, hotels or other different places    Vic developed jaundice due to the ill effects of prolonged abuse.     https://x.com/HPhobiaWatch/status/1911382677879464019?t=rybySXWglId0mSQNa2R7ow&amp;s=19"
1873552000832471390,1873551337310593087,CURRENTLY_RATED_HELPFUL,,218,2,0.2,low,x.com; web3antivirus.io,0.9,0.7,0.9,,,"","This account is impersonating @pudgypenguins. Letters have been changed in the user name to fool people into misreading it as the real account.  https://x.com/pudgypenguins  https://web3antivirus.io/scam-report/579820/"
1961271666362945649,1961035557846532171,CURRENTLY_RATED_NOT_HELPFUL,,153,1,0.2,low,x.com,0.4,0.7,0.8,,,"","This is a digital copy of photos published on a news paper. Nobody said anything about sketches.       https://x.com/ndtv/status/1960939502375199027?s=46"
1963000448895648221,1962823252465565803,CURRENTLY_RATED_NOT_HELPFUL,,114,1,0.9,high,bbc.com,0.8,0.7,0.3,,,"","Linehan was arrested for inciting violence against trans people.    https://www.bbc.com/news/articles/c07p7v2nn8mo"
1994121295727132761,1994078810396909968,CURRENTLY_RATED_HELPFUL,,254,1,0.6,medium,en.wikipedia.org,0.4,0.9,0.5,,,"","There is nothing accurate about this &quot;visual comparison&quot;. It gives a very false impression of the size differences. Here is some actual size data on objects in our solar system. https://en.wikipedia.org/wiki/List_of_Solar_System_objects_by_size"
1854192132749156710,1853954343692869865,CURRENTLY_RATED_HELPFUL,,95,1,0.30000000000000004,unknown,zna.do,0.8,0.7,0.9,,,"","Zachary Nado is not Google’s “Head of AI.” His bio says he is a researcher. http://zna.do/about"
1678145087316869120,1677830797414264840,CURRENTLY_RATED_NOT_HELPFUL,,293,1,0.4,unknown,help.twitter.com,0.9,0.5,0.8,,,"","Twitter Blue includes prioritized rankings in conversations and search.    Tweets that you interact with will receive a small boost in their ranking.    Additionally, your replies will receive a boost that ranks them closer to the top.    https://help.twitter.com/en/using-twitter/twitter-blue"
1999251379861303314,1999132774360387896,CURRENTLY_RATED_HELPFUL,,75,0,0.5,unknown,,0.8,0.7,0.8,,,"","This post seeks interactions to generate money, which X prohibits.    x.com"
1856455531512369320,1856082816607629591,CURRENTLY_RATED_NOT_HELPFUL,,205,0,0.5,unknown,,0.2,0.7,0.8,,,"","NNN, dejen de usar las notas en base a sus opiniones políticas en ningún momento se menciona la fecha 2000 en el post por lo que no es relevante la fuga que hizo el expresidente Alberto Fujimori en ese año"
2005664385843314713,2005548341690855654,CURRENTLY_RATED_HELPFUL,,99,1,0.2,low,instagram.com,0.8,0.7,0.8,,,"","This ad was never accepted by Nike in the first place.  https://www.instagram.com/reel/DSsGLrTCuds/"
2014847998304629160,2014700179858063595,CURRENTLY_RATED_NOT_HELPFUL,,148,1,0.4,unknown,web.nhk,0.4,0.7,0.8,,,"","実際の取り上げた番組でも90年代以降にハードの性能が上がったことを取り上げています。  番組を見ずに憶測で答えられてる点が多く見受けられます    https://www.web.nhk/tv/an/chicochan/pl/series-tep-R12Z9955V3/ep/6GYNJ4JPPV"
1785423088466694617,1785039772953772074,CURRENTLY_RATED_NOT_HELPFUL,,298,0,0.5,unknown,,0.1,0.5,0.1,,,"","CNN - &quot;Community Note Needed&quot;    Community note is indeed needed cause the author should maybe think about what he does outside the pitch.    Also considering Arsenal Football club is playing a racist, maybe they should in fact know &quot;Who the biggest cunt in North London is&quot;    "
2023216091745407166,2022918546796482781,CURRENTLY_RATED_HELPFUL,,541,5,0.2,low,x.com; pbs.twimg.com; sightengine.com; pcmag.com,0.8,0.7,0.8,,,"","This video is not real but AI generated.  It depicts telltale signs of AI generation (animal inconsistencies, background artifacts, environment anomalies, etc.) and is identified as AI by AI detection platforms.    https://x.com/hive_ai/status/2023205518211428450  https://x.com/grok/status/2023156673074901240  https://pbs.twimg.com/media/HBPggTEaIAAbPd_?format=jpg&amp;name=medium  https://sightengine.com/detect-ai-generated-images#:~:text=GenAI,88%  https://www.pcmag.com/explainers/is-that-video-real-7-telltale-signs-its-an-ai-deepfake"
1838105613748101431,1837418993654944146,CURRENTLY_RATED_NOT_HELPFUL,,91,1,0.4,unknown,tabelog.com,0.1,0.5,0.1,,,"","補足します。  豚骨ラーメンを与え、中毒になった国民を支配するという、自民党の長期計画であることに留意が必要です。  https://tabelog.com/matome/3587/"
1798733576730472740,1798733189118329155,CURRENTLY_RATED_HELPFUL,,328,2,0.4,unknown,binance.com; techarp.com,0.8,1,0.9,,,"","This is a scam, this is not from the official @Tesla verified account. Scammers use Musk or his companies for false publicity. These fake promotions are a pretext to steal personal information or other assets.   https://www.binance.com/en/square/post/5689389600722  https://www.techarp.com/crime/elon-musk-bitcoin-ethereum-scam/"
1890177385623966046,1890076161134510305,CURRENTLY_RATED_NOT_HELPFUL,,193,1,0.2,low,x.com,0.8,0.7,0.5,,,"","Louis Bopea is a Cambodian individual portraying himself as a conservative Italian with a white identity.    https://x.com/elcibexyz/status/1871554797406687336?s=46&amp;t=sddKFmy5ZxgDnYT_ghIQig"
1912436263921070110,1911860788761071941,CURRENTLY_RATED_HELPFUL,,246,1,0.6,medium,en.wikipedia.org,0.8,0.5,0.5,,,"","&quot;Auschwitz or Oświęcim, was a complex of over 40 concentration and extermination camps operated by Nazi Germany in occupied Poland (IN A PORTION ANNEXED INTO GERMANY IN 1939).&quot;  https://en.wikipedia.org/wiki/Auschwitz_concentration_camp"
1893930307331797148,1893766521844846831,CURRENTLY_RATED_HELPFUL,,348,2,0.2,low,x.com; osakacastlepark.jp,0.7,0.7,0.8,,,"","元のポストのコミュニティノートにもあるように、大阪城の石垣を登る行為は文化財保護法および大阪市の条例により禁止されています。既に「役に立った」との評価もついており、投稿者の記載内容が不適切であることが分かります。    https://x.com/callistoroll/status/1892879010843283557?s=46    石垣は歴史的遺産であり、損傷を与える可能性があるため、登ることはマナー違反であり、法的措置を受ける可能性もあります。    大阪城公園の管理規則にも「石垣への立ち入り禁止」が明記されています。文化財の保護にご協力ください。詳しくは大阪市の公式サイトをご確認ください。    https://www.osakacastlepark.jp/?lang=en"
1907969313673458009,1907881415477543004,CURRENTLY_RATED_HELPFUL,,252,1,0.2,low,x.com,0.4,0.7,0.5,,,"","Yoxic is using half of a KaceyTron  tweet that accurately shows 78.3% of HasanAbi's viewers are individual logged in chatters in order to intentionally misinform readers. Here is the original tweet:    https://x.com/kaceytron/status/1907534424553779459"
1838307263561261193,1838043298956796054,CURRENTLY_RATED_NOT_HELPFUL,,185,1,0.6,medium,en.m.wikipedia.org,0.7,0.1,0.5,,,"","There is no proof that the people in the video didn't take ayahuasca and felt sick afterward. Vomiting is a common side effect of ayahuasca.    https://en.m.wikipedia.org/wiki/Ayahuasca"
1916275775298244920,1916274596757836235,CURRENTLY_RATED_HELPFUL,,378,4,0.4,unknown,archive.ph; reclameaqui.com.br; pastebin.com,0.7,0.7,0.8,,,"","Essa conta faz parte de uma gangue que divulga uma casa de apostas golpista todos os dias em suas threads virais como essa, como pode-se ver nesses links:  https://archive.ph/BWE3p  https://archive.ph/6gMaa    Há muitas denúncias do golpe:  https://www.reclameaqui.com.br/empresa/acertei-bet/lista-reclamacoes/    https://pastebin.com/wasLesQH    Não caiam em golpes, denunciem."
1918237499920663014,1918086296565891122,CURRENTLY_RATED_HELPFUL,,107,1,0.4,unknown,jalan.net,0.9,0.5,0.8,,,"","アパホテルのベッドには下部にキャリーケースなどの収納スペースを設けたタイプのものがあります。  https://www.jalan.net/yad362748/blog/entry0005342870.html  "
1761163410111086604,1761089676461457842,CURRENTLY_RATED_HELPFUL,,270,2,0.4,unknown,beliefnet.com; upi.com,0.8,0.7,0.8,,,"","Khalid Turaani has identified as a Republican, not a &quot;far-left Democratic voter&quot;.    https://www.beliefnet.com/faiths/2000/08/will-muslims-turn-to-george-w-bush.aspx  https://www.upi.com/Top_News/2003/04/28/UPIs-Capital-Comment-for-April-28-2003/60601051567646"
1705870323785031951,1705696659756216790,CURRENTLY_RATED_HELPFUL,,228,1,0.9,high,reuters.com,0.8,0.7,0.8,,,"","The image is from a protest held in 2019. Altough the 2019 protest was against Brexit, the image has no relation to yesterday's march.     Original image here:  https://www.reuters.com/article/us-britain-eu-protest-idUSKBN1WX2Q1"
1699539143255306609,1699302690927390768,CURRENTLY_RATED_HELPFUL,,339,2,0.9,high,archive.nytimes.com; pbs.org,0.9,0,0.8,,,"","The man pictured with Barack Obama was his friend and roommate, Sohale Siddiqi. This picture was taken in 1981:  https://archive.nytimes.com/cityroom.blogs.nytimes.com/2009/01/20/recollections-of-obamas-ex-roommate/  https://www.pbs.org/wgbh/pages/frontline/government-elections-politics/choice-2012/the-frontline-interview-sohale-siddiqi/"
1871044626112766049,1870954872901947479,CURRENTLY_RATED_NOT_HELPFUL,,289,1,0.4,unknown,laws.e-gov.go.jp,0.4,0.7,0.8,,,"","コンプライアンス違反となる可能性がある投稿です。  上皇に対する敬称は「さま」ではなく「陛下」であると次の法令で定められています。    天皇の退位等に関する皇室典範特例法  第2条2項  上皇の敬称は、陛下とする。  https://laws.e-gov.go.jp/law/429AC0000000063#:~:text=%EF%BC%92%E4%B8%8A%E7%9A%87%E3%81%AE%E6%95%AC%E7%A7%B0%E3%81%AF%E3%80%81%E9%99%9B%E4%B8%8B%E3%81%A8%E3%81%99%E3%82%8B%E3%80%82"
1994955427067674873,1994836671188406602,CURRENTLY_RATED_HELPFUL,,160,1,0.2,low,x.com,0.2,0,0.5,,,"","It's a stolen post from smaller account without due credit!!!    Source: https://x.com/GopeshKhetan/status/1994865520232063076?t=ErKj-1YCR9lmsV0ql5YOOg&amp;s=19"
1944795508687385011,1944762650925162588,CURRENTLY_RATED_HELPFUL,,475,2,0.4,unknown,krik.rs; n1info.rs,0.3,0.7,0.2,,,"","Pre svega predsednica se zaboravila da je sudstvo u Srbiji zarobljeno. I za najteža krivična dela ljudi bliski vlasti se puštaju na slobodu.    https://www.krik.rs/vucic-pomilovao-aktiviste-sns-a-optuzene-da-su-studentkinji-polomili-vilicu/    A da ne kažemo da u nameštenim &quot;sukobima&quot; biva uhapšeno 22 ljudi da bi se opravdala kampanja koja je pripremljena    https://n1info.rs/vesti/sluzbena-beleska-mup-a-milos-pavlovic-u-studenjaku-odbijao-saradnju-s-policijom/"
1849838939659509964,1849607814148186414,CURRENTLY_RATED_HELPFUL,,105,1,0.4,unknown,support.apple.com,0.8,0.7,0.9,,,"","This is not new in iOS 18.2. This has been around since iOS 16.    https://support.apple.com/en-us/118669"
1801422733030326611,1801122733578928319,CURRENTLY_RATED_NOT_HELPFUL,,56,1,0.6,medium,en.wikipedia.org,0.1,0,0.1,,,"","Its true i was there  https://en.wikipedia.org/wiki/Frog"
1787225392245293169,1787195481258344566,CURRENTLY_RATED_NOT_HELPFUL,,328,2,0.4,unknown,monde-diplomatique.fr; hrw.org,0.7,0.5,0.2,,,"","Israël est poursuivi en Court International de Justice pour risque plausible de génocide envers les palestiniens à Gaza. La russie ne l'est pas :    https://www.monde-diplomatique.fr/2024/02/ROBERT/66549    https://www.hrw.org/fr/news/2024/02/26/israel-ne-respecte-pas-lordonnance-de-la-cij-liee-la-plainte-pour-genocide        "
1693847657024766066,1693583682605310343,CURRENTLY_RATED_HELPFUL,,269,2,0.4,unknown,wtsp.com; en.m.wikipedia.org,0.9,0.3,0.8,,,"","This phenomenon, observed in August 2023 in the Tampa area, is known as a 'Roll Cloud.' While uncommon, it is not unknown to Meteorologists:    https://www.wtsp.com/amp/article/weather/florida-roll-cloud-tampa-bay-parrish/    https://en.m.wikipedia.org/wiki/Arcus_cloud"
2001989065931931998,2001917784729731072,CURRENTLY_RATED_HELPFUL,,165,1,0.6,medium,de.wikipedia.org,0.9,0.3,0.8,,,"","Diese Bauweise wurde Ende der 50er Jahre in Deutschland entwickelt und ist eine gängige Methode im Brückenbau.     https://de.wikipedia.org/wiki/Vorschubr%C3%BCstung"
1707385277059145772,1707205545042596027,CURRENTLY_RATED_HELPFUL,,467,2,0.6,medium,thehill.com; crsreports.congress.gov,0.8,0.7,0.8,,,"","Gov. DeSantis was not referring to Confucius, but the &quot;Confucius Institutes&quot;, which are operated by the People's Republic of China and have already been shut down over espionage concerns in much of Europe.    At the same time, there are only 16 such institutes in the US    https://thehill.com/opinion/national-security/3729453-time-to-shut-down-all-confucius-institutes-whatever-they-might-be-called/  https://crsreports.congress.gov/product/pdf/IF/IF11180"
1816414440624976163,1815836027254079829,CURRENTLY_RATED_NOT_HELPFUL,,276,0,0.5,unknown,,0.7,0.1,0.3,,,"","NNN El post expresa una opinión personal. Y su punto principal no es quién hace la transmisión y toma la decisión editorial de ocultar la bandera, sino resaltar dicha manifestación dado que no fue mostrada en la pantalla. Detalles menores de contexto pueden ir en comentarios "
1894219091592056942,1894194564040176008,CURRENTLY_RATED_HELPFUL,,84,1,0.2,low,x.com,0.9,0.7,0.9,,,"","This is not the official Dragon Ball Super account.    https://x.com/dragonballsuper"
1997426174981448072,1997037037107794089,CURRENTLY_RATED_NOT_HELPFUL,,262,0,0.5,unknown,,0.1,0.5,0.1,,,"","I numeri dei bambini uccisi dall’esercito israeliano sono noti e quotidianamente documentati e i soldati di Satana di Israele li confermano loro stessi con le loro dichiarazioni infami.  Basta osservare i posti che scorrono ogni giorno su X per rendersene conto."
1868283301263294964,1868273500407918626,CURRENTLY_RATED_NOT_HELPFUL,,291,1,0.4,unknown,sejm.gov.pl,0.3,0.7,0.8,,,"","Wpis zawiera kłamstwo.   Zawiera zdanie twierdzące, przedstawiające że Magdalena Biejat zostanie w 100% przyszłym Prezydentem Polski, a faktycznie na dzień publikowania wpisu nie ma ogłoszonego nawet terminu wyborów prezydenckich w 2025 r.    https://www.sejm.gov.pl/prawo/konst/polski/5.htm"
1782057531621208137,1781973486187036690,CURRENTLY_RATED_HELPFUL,,185,1,0.4,unknown,opendata.cbs.nl,0.8,0.7,0.8,,,"","https://opendata.cbs.nl/statline/#/CBS/nl/dataset/83474NED/table?ts=1713709442669    Dit betreft een grafische weergave van bevolkingsgroei. Doodgeboren babies is nergens van toepassing"
1750731371687911905,1750660732801155263,CURRENTLY_RATED_NOT_HELPFUL,,66,0,0.5,unknown,,0.8,0,0.3,,,"","NNN. The use of the word gringo, as with any word, can be charged."
1903733568687522161,1903669350172938495,CURRENTLY_RATED_NOT_HELPFUL,,99,1,0.4,unknown,toushitsu-off8.com,0.8,0,0.8,,,"","999秒は10分(600秒)以上と捉えることができ、『よく10分も待ったな』というリプライにはなんら間違いはありません。  https://toushitsu-off8.com/10min-sec/"
1859410506429161621,1857602150916137251,CURRENTLY_RATED_NOT_HELPFUL,,104,0,0.5,unknown,,0.1,0.5,0.5,,,"","#broligarch #elonia #Musk is #support for #apartheid, undermining #democracy and #freedom  Stopputin.net"
2022285906061774970,2022155647052382447,CURRENTLY_RATED_NOT_HELPFUL,,132,1,0.4,unknown,grammarly.com,0.8,0.7,0.8,,,"","He said “did snort” which is past tense.    “Snorts” is present tense    https://www.grammarly.com/blog/parts-of-speech/verb-tenses/"
1794498933403615676,1794037775487898002,CURRENTLY_RATED_NOT_HELPFUL,,42,0,0.5,unknown,,0.8,0,0.1,,,"","NNN - Put personal opinions in the replies"
1873340134768115803,1873259651774468224,CURRENTLY_RATED_NOT_HELPFUL,,341,1,0.6,medium,fr.m.wikipedia.org,0.4,0.7,0.7,,,"","1)La kuniya est faite avec le prénom de l'enfant de la prsn concernée  2)elle existe chez les arabes bien avant le terrorisme islamique, resumer cela aux terroristes est raciste   https://fr.m.wikipedia.org/wiki/Kunya#:~:text=Une%20kunya%20(en%20arabe%20%3A%20%D9%83%D9%8F%D9%86%D9%92%D9%8A%D9%8E%D8%A9,ou%20de%20sa%20fille%20a%C3%AEn%C3%A9."
1874240754991976747,1874160714438369589,CURRENTLY_RATED_NOT_HELPFUL,,225,3,0.6,medium,en.wikipedia.org,0.9,0.7,0.9,,,"","The medication that Amber takes is amantadine, an antiviral that is not a steroid.    https://en.wikipedia.org/wiki/Amantadine    https://en.wikipedia.org/wiki/Steroid    https://en.wikipedia.org/wiki/Wilson%27s_Heart_(House)"
1741247929120362604,1741085350255055333,CURRENTLY_RATED_NOT_HELPFUL,,35,0,0.5,unknown,,0,0.7,0.1,,,"","Yeah dumbass that's what context is"
2023107580894023784,2022888335673376821,CURRENTLY_RATED_HELPFUL,,320,2,0.2,low,x.com; justice.gov,0.8,0.7,0.8,,,"","Falso. La niña de la foto es su sobrina:  https://x.com/i/status/2022938957646844238    Y Ellen DeGeneres no aparece en los papeles de Epstein (solo hay referencias a su show televisivo) como se puede comprobar fácilmente introduciendo su nombre en el buscador de los papeles de Epstein:  https://www.justice.gov/epstein"
1758547326652539260,1758541753223713014,CURRENTLY_RATED_NOT_HELPFUL,,344,2,0.6,medium,en.wikipedia.org; uci.org,0.8,0.7,0.8,,,"","Portugal, Spain and Italy are not considered Western European countries by most organizations. Furthermore: Wales, England and Scotland are not considered seperate countries within cycling but all fall within Great Britain.    https://en.wikipedia.org/wiki/Western_Europe  https://www.uci.org/discipline/road/6TBjsDD8902tud440iv1Cu?tab=rankings"
1981911470444028302,1981764563914924494,CURRENTLY_RATED_NOT_HELPFUL,,200,1,0.9,high,bbc.com,0.4,0.3,0.5,,,"","Yes, this is factually true. However the government just voted to annex the West Bank when JD Vance visited. He had power to persuade others and did not. https://www.bbc.com/news/articles/cn8xvj108z9o"
1876988298771767650,1876734237933494711,CURRENTLY_RATED_HELPFUL,,391,1,0.4,unknown,lefigaro.fr,0.3,0.7,0.8,,,"","Cette déclaration est mensongère, Bruno Retailleau demande aux préfets de redoubler de vigilance concernant l'apologie du terrorisme sur les réseaux sociaux, la note interne ne contient aucune mention de la &quot;diaspora algérienne&quot;    https://www.lefigaro.fr/faits-divers/apologie-du-terrorisme-sur-les-reseaux-sociaux-retailleau-demande-aux-prefets-de-redoubler-de-vigilance-20250107"
2018733777661669396,2018620210207744188,CURRENTLY_RATED_NOT_HELPFUL,,434,3,0.9,high,cdc.gov; datadashboard.health.gov.il; idsc.tmiph.metro.tokyo.lg.jp,0.8,0.2,0.8,,,"","海外ではCOVID-19による死亡者数は近年大きく減少しています。米国では2025年の年間死亡者数は約2万人程度、イスラエルでも数人規模にまで低下しています。  https://www.cdc.gov/covid/php/surveillance/index.html  https://datadashboard.health.gov.il/portal/dashboard/corona    各国でCOVID-19死亡の定義や集計方法は異なっており、日本では他疾患が主因の死亡も含まれていると指摘されています。    また、日本では高齢者施設や医療機関でのクラスターが多く、死亡者数に影響していると考えられます。  東京都では2025年の施設・医療機関クラスター件数が前年比約6割に減少しており、今後は死亡者数も減少する可能性があります。    https://idsc.tmiph.metro.tokyo.lg.jp/diseases/2019-ncov/  "
1825816544884199924,1825637655465570646,CURRENTLY_RATED_NOT_HELPFUL,,109,0,0.5,unknown,,0.8,0.7,0.7,,,"","「クルドカー」は埼玉県南部における「違法なほどの高さで荷台に積載した解体業者トラックを指す通称」であり、そのドライバーを直接クルド人であると示す物ではありません。    運転手がクルド人であるエビデンスは不要です。  "
1973717236532560033,1973056907460939979,CURRENTLY_RATED_NOT_HELPFUL,,29,0,0.5,unknown,,0,0.5,0,,,"","NNN   Malditos pinches furros"
1684986052337905665,1684876931055943680,CURRENTLY_RATED_HELPFUL,,283,1,0.4,unknown,partijgedrag.nl,0.9,0.3,0.8,,,"","De BoerBurgerBeweging (BBB) van Caroline van der Plas stemt bij 54% van de moties hetzelfde als BIJ1 van Sylvana Simons.    Op onderwerpen oa: landbouw (14%), migratie &amp; integratie (38%) en openbare orde &amp; veiligheid (56%).    https://www.partijgedrag.nl/partijgelijkenis.php"
1845199404657148077,1845139650005835935,CURRENTLY_RATED_NOT_HELPFUL,,141,0,0.5,unknown,,0.3,0.3,0.8,,,"","NNN - this is a joke that's very well-known to most Balkan people plus OP's handle is &quot;Balkan Memes&quot;    Don't abuse community notes"
1797932854456053816,1797864983696638014,CURRENTLY_RATED_HELPFUL,,452,5,0.2,low,x.com; m3.com; www3.nhk.or.jp; asahi.com,0.8,0.7,0.8,,,"","ついに曝露されたと投稿されていますが、この動画は下記の21年12月4日のツイートに動画が残っているように21年12月の報道です。  https://x.com/You3_JP/status/1466841605097537536  何度か、この報道が昨日今日されたように描写しこれが隠されていたと表現する投稿例が下記のようにみられているので注意してください。  https://x.com/w2skwn3/status/1783168361435894076  当時から下記のように大手メディアを含め大々的に報道されていた公知の事実で当時から何も隠されてはおりません。  https://www.m3.com/news/open/iryoishin/989643  https://www3.nhk.or.jp/news/html/20211204/k10013374401000.html  https://www.asahi.com/articles/ASPD43C6WPD4ULBJ001.html"
1681744585448468480,1681632252990554112,CURRENTLY_RATED_NOT_HELPFUL,,274,0,0.5,unknown,,0.3,0.8,0.3,,,"","No hay ninguna prueba de que ese vídeo haya sido hecho en una calle de Bilbao, ni mucho menos que uno de los protagonistas sea un &quot;mena&quot;. Simplemente es una manera de difundir odio y de ensalzar una ideología xenófoba, sin ninguna objetividad y sin ninguna prueba."
1907176498072789113,1906508554665689282,CURRENTLY_RATED_NOT_HELPFUL,,429,1,0.4,unknown,camara.leg.br,0.4,0.5,0.7,,,"","Esqueceram de dizer q a moça em questão é Autista com a Ciptea em mãos. Ela tem o direito de pedir a gentileza da pessoa em ceder o lugar a ela.   Há  uma grande falta de informações sobre o autismo.  O autista tem que ser respeitado.    https://www.camara.leg.br/noticias/902233-projeto-garante-transporte-publico-gratuito-a-autistas/#:~:text=O%20Projeto%20de%20Lei%202090,l%C3%A2mpadas%20de%20sinaliza%C3%A7%C3%A3o%20por%20LED."
1933567107318317342,1933401752549663046,CURRENTLY_RATED_NOT_HELPFUL,,315,2,0.6,medium,en.wikipedia.org,0.8,0.7,0.5,,,"","Ukraine has a significantly higher percentage of white people compared to Israel. Ukraine is 95% white. Among Israeli Jews, roughly 31.8% are Ashkenazi (European origin, typically classified as white).  https://en.wikipedia.org/wiki/Demographics_of_Ukraine  https://en.wikipedia.org/wiki/Demographics_of_Israel     "
1716867194913452483,1716817860604145804,CURRENTLY_RATED_NOT_HELPFUL,,207,1,0.4,unknown,shorturl.at,0.4,0,0.2,,,"","90% der Versorgung ist verunreinigtes Grundwasser (zu viel Extraktion, besonders seitens Israel).  Entsalzungsanlagen arbeiten nicht, durch Israels Blockade von Strom + Treibstoff   https://shorturl.at/cdiV2"
1844511074458181762,1844438203060846642,CURRENTLY_RATED_NOT_HELPFUL,,272,1,0.4,unknown,interpol.int,0.7,0.7,0.8,,,"","Esto es piratería. Distribuir un archivo epub o pdf de un escritor o escritora sin su permiso o el de su editorial es un crimen penado por la ley. Viola los derechos de autor.  https://www.interpol.int/es/Delitos/Productos-ilegales/Compre-de-forma-segura/Pirateria-digital"
1897733024994771344,1897658930282516847,CURRENTLY_RATED_HELPFUL,,396,2,0.4,unknown,starlink.com; youtube.com,0.2,0.7,0.8,,,"","FAKE NEWS!    O sistema &quot;Starlink Direct to Cell&quot; NÃO POSSIBILITA, por enquanto, transferência de dados ou ligações.   A única funcionalidade é a de envio de mensagens de texto (SMS).    Ademais, o serviço foi desenvolvido como COMPLEMENTO para as operadoras &quot;tradicionais&quot;.    https://www.starlink.com/br/business/direct-to-cell    https://www.youtube.com/watch?v=dLRJHmbb5Y0"
1691509557820846239,1691166019392245762,CURRENTLY_RATED_HELPFUL,,320,1,0.6,medium,fr.wikipedia.org,0.9,0.7,0.8,,,"","Le Groupe de commandos d'Afrique était composé d'environ 1 000 hommes, selon des sources historiques, plutôt que de 230 000 comme mentionné dans le tweet.     La précision des détails historiques est essentielle pour conserver l'exactitude dans les hommages rendus.    https://fr.wikipedia.org/wiki/Commandos_d%27Afrique"
1942539895995613570,1942472600304615794,CURRENTLY_RATED_NOT_HELPFUL,,194,1,0.4,unknown,insee.fr,0.6,0.3,0.8,,,"","Si on analyse le diagramme, on s'aperçoit que la pauvreté ne cesse d'augmenter depuis 2017, avec une pause en 2020. Il eût été utile de le mentionner.https://www.insee.fr/fr/statistiques/5759045"
1767564008792449429,1767548444112044392,CURRENTLY_RATED_HELPFUL,,211,1,0.2,low,youtube.com,0.8,0.3,0.8,,,"","The title of the video was changed when Lamine Yamal made his debut with the first team. He was featured in the video and he was playing for the U-13s at the moment    https://www.youtube.com/watch?v=xzehnfQTM94"
1852585813407830189,1852030582496112925,CURRENTLY_RATED_HELPFUL,,380,2,0.4,unknown,excite.co.jp; tokyo-np.co.jp,0.8,0.7,0.8,,,"","この人探しの情報提供を呼びかける投稿には    ・管轄警察署  ・警察受理番号    等の記載がなく、警察に受理されていない詐欺の可能性があります。    SNSで「探しています」と拡散希望する投稿の中には    ・ストーカー  ・借金取り  ・DV避難したパートナーを捜す加害者    等のケースがあり、この投稿を拡散すると犯罪行為に加担する可能性があり危険です。    SNSで大拡散される“行方不明者”捜索投稿の是非――「慎重に」とプロが警鐘鳴らすワケ  https://www.excite.co.jp/news/article/Cyzowoman_201802_post_173913/    ストーカーの調査悪用防げ　探偵が情報共有サイト運営　逗子殺人事件きっかけ  https://www.tokyo-np.co.jp/article/70131"
1886472102577889303,1886196739339587899,CURRENTLY_RATED_NOT_HELPFUL,,70,0,0.5,unknown,,0.1,0.5,0.1,,,"","Kanye's wife Bianca Censori was naked she she wasn't wearing anything."
1920708072776827032,1920206362996343261,CURRENTLY_RATED_HELPFUL,,203,2,0.4,unknown,react.dev; graphite.dev,0.8,0.7,0.9,,,"","useState is part of React, not TypeScript. There are many TypeScript experts who do not use React.    https://react.dev/reference/react/useState    https://graphite.dev/guides/react-vs-next-vs-typescript"
1732171777034334637,1731815505546096752,CURRENTLY_RATED_NOT_HELPFUL,,270,0,0.5,unknown,,0.2,0.7,0.2,,,"","NNN. Ffs, bonuses given to execs is completely irrelevant to the unbiased reporting of a companies layoffs.  Also, execs have contracts with clearly defined bonus packages companies are legally required to pay out. Not misleading, this is what comments sections are for."
1837221730722406733,1836140030420750666,CURRENTLY_RATED_NOT_HELPFUL,,26,0,0.5,unknown,,0,1,0,,,"","No lol    Youarestupid.com"
1939454641395445927,1939338068768559577,CURRENTLY_RATED_NOT_HELPFUL,,296,2,0.4,unknown,suntory.co.jp; kumamoto-kmm.ed.jp,0.8,0.7,0.9,,,"","3本無料は、正確には300円分無料で、2025年現在100円の商品のない自販機が増えているため3本無料にはならないことが多いです。  https://www.suntory.co.jp/softdrink/news/pr/article/SBF1580.html  画像で300円以下の商品と交換と書かれています    参考に2022年価格改定表を示しますが、100円以下の商品は2022年時点で販売されていません。  https://www.kumamoto-kmm.ed.jp/sch/e/yoshino/files/items/90389/File/kakakukaitei.pdf  "
1945078570189013021,1944733098232410480,CURRENTLY_RATED_NOT_HELPFUL,,343,1,0.6,medium,pt.m.wikipedia.org,0.8,0.5,0.8,,,"","NNN. O post expressa uma opinião pessoal. Além disso, embora seja questionado o caráter de titulo mundial das Copas Rio de 1951 e 1952, ambos os torneios foram oficiais, organizados pela CBD com a chancela da FIFA, e não poderiam ser considerados amistosos, sob nenhum aspecto.    https://pt.m.wikipedia.org/wiki/Copa_Rio_Internacional_de_1951"
1999026642820510138,1998799806429356494,CURRENTLY_RATED_HELPFUL,,316,3,0.30000000000000004,unknown,asahi.com; aandk-t-s.com; medicalconsulting.co.jp,0.8,0.7,0.8,,,"","サイレンススズカの故障は左前脚の手根骨粉砕骨折であり、この絵のような左後肢の開放骨折ではありません。  http://www.asahi.com/paper/sports/horse-racing/silence.html  手根骨とは手首の八つの小さな骨です。  https://www.aandk-t-s.com/16097705313424  完治には時間がかかり、後遺症や後遺障害の懸念もあるが、&quot;人間である&quot;ウマ娘であれば必ずしも復帰が叶わないとは限りません。  https://medicalconsulting.co.jp/2025/08/15/comminuted-wrist-fracture/"
1710104432082391140,1709763765900558762,CURRENTLY_RATED_NOT_HELPFUL,,22,0,0.5,unknown,,0.1,0,0.1,,,"","i love community notes"
1812959878832369708,1812909168145154100,CURRENTLY_RATED_HELPFUL,,214,1,0.2,low,youtube.com,0.9,0.7,0.8,,,"","O vídeo da postagem é uma cena retirada de uma série ficcional disponível no YouTube chamada &quot;de dentro da Favela e está disponível no canal do blogueiro O Pest:  https://youtube.com/@opest?si=ju4Yz0Tf-fw8m99k"
1856802931124965477,1856426170641985769,CURRENTLY_RATED_NOT_HELPFUL,,62,1,0.4,unknown,vote.sinnfein.ie,0.8,0.7,0.1,,,"","This account is the real David coote https://vote.sinnfein.ie/"
1774004197966372934,1773758618862567563,CURRENTLY_RATED_NOT_HELPFUL,,400,3,0.4,unknown,tokyoweekender.com; newsweek.com; semafor.com,0.7,0.3,0.7,,,"","1. She is Arab  2. Japan suffers from a groping epidemic (chikan). They were forced to introduce women-only carts  to mitigate some of the sexual abuse    https://www.tokyoweekender.com/japan-life/news-and-opinion/why-japan-women-only-cars/  https://www.newsweek.com/japan-anti-groping-stamp-1456583  https://www.semafor.com/article/01/13/2023/tokyo-launches-anti-groping-campaign-on-public-transport"
1872357445953114384,1872312139945234507,CURRENTLY_RATED_NOT_HELPFUL,,42,0,0.5,unknown,,0.3,0,0.1,,,"","NN - I feel the Zach defense is important "
1878011559781499206,1877683053872427146,CURRENTLY_RATED_NOT_HELPFUL,,39,0,0.5,unknown,,0.4,0,0.8,,,"","このポストで言う「宇宙」は通称であり、宇宙の定義等を指摘する必要はありません。"
1769309152281530767,1769018978968416301,CURRENTLY_RATED_HELPFUL,,325,1,0.4,unknown,westermann.de,0.8,0.3,0.8,,,"","Die Seite ist aus dem „aktuellen“ Buch aus dem Jahr 2016 und zeigt alle Parteien die zu dem Zeitpunkt über der 5% Hürde waren.   Da die AFD erst 2017 über 5% erreicht hat, steht diese nicht mit dabei.    https://www.westermann.de/artikel/978-3-507-11172-1/Demokratie-heute-Ausgabe-2016-fuer-Nordrhein-Westfalen-Schulbuch-9-10"
2001409028857929874,2001379112061980924,CURRENTLY_RATED_NOT_HELPFUL,,171,0,0.5,unknown,,0.8,0.7,0.8,,,"","NN. Era impossível um time brasileiro se classificar para o Mundial de Clubes sem ter conquistado a Libertadores de 2000. E o vencedor dessa competição foi o Boca Juniors."
1859773858200367478,1859714132993351947,CURRENTLY_RATED_HELPFUL,,445,3,0.2,low,x.com,0.8,0.5,0.8,,,"","Trump Senior advisor Dan Scavino stated the vehicles are just “ Vice President-elect @JDVance’s motorcade.”    https://x.com/DanScavino/status/1859722305267470704    Trump spokesman Steven Cheung said, “ CBS overreacted.”    https://x.com/StevenCheung/status/1859716875531452619    Secret Service stated, “There are no  issues or concerns with any Secret Service protectees on property.”    https://x.com/SecretSvcSpox/status/1859715868311290030"
1872041209189064782,1872015972896514403,CURRENTLY_RATED_NOT_HELPFUL,,472,2,0.4,unknown,nationalreview.com; cnn.com,0.2,0.7,0.5,,,"","This user is trying to make it seem as if whites were the primary reason behind Twitter censorship     It should be noted that when Twitter was ran by an Indian CEO,he himself admitted to essentially being against free speech    https://www.nationalreview.com/news/incoming-twitter-ceo-said-company-should-focus-less-on-free-speech/amp/    It was also an indian woman that got Trump banned    https://www.cnn.com/2021/10/27/tech/vijaya-gadde-twitter-risk-takers/index.html"
1678906615364304896,1678643391515570176,CURRENTLY_RATED_NOT_HELPFUL,,34,0,0.5,unknown,,0.2,0.7,0.5,,,"","The information is not trustworthy"
1983165179232706911,1982905934944055561,CURRENTLY_RATED_NOT_HELPFUL,,156,0,0.5,unknown,,0.6,0,0.3,,,"","Mamdani said the lady was his father’s distant cousin. Hence his aunt. Doesn’t matter if he lied or told the truth but the OP has correctly interpreted him "
1685769050830364672,1685655848540950528,CURRENTLY_RATED_NOT_HELPFUL,,84,0,0.5,unknown,,0.8,0,0.1,,,"","It talks about the change that Twitter has undergone over the years, in his opinion "
1871196195189637388,1870929013373575555,CURRENTLY_RATED_NOT_HELPFUL,,272,1,0.4,unknown,glasamerike.net,0.4,0.7,0.5,,,"","The protest has nothing to do with Russia. Serbian people are protesting against a dictatorship that is backed by EU/US and not Russia    https://www.glasamerike.net/a/sjedinjene-drzave-sad-amerika-ambasador-kristofer-hil-balkan-srbija-kosovo-aleksandar-vucic/6712841.html"
1983268962533048497,1982886201322590321,CURRENTLY_RATED_NOT_HELPFUL,,377,1,0.4,unknown,france.attac.org,0.4,0.7,0.4,,,"","NNN: Les cotisations sociales citées dans les notes servent à financer l'assurance chomage, la sécurité sociale... Les 500 euros soient disant récupérés selon les notes seraient dépensés dans les frais de santé comme aux usa https://france.attac.org/nos-publications/les-possibles/numero-1-automne-2013/dossier-protection-sociale/article/autour-de-la-protection-sociale-de-1307"
2019047753494487367,2018987119289708578,CURRENTLY_RATED_NOT_HELPFUL,,129,1,0.6,medium,en.wikipedia.org,0.9,0.7,0.9,,,"","This is not the late John Virgo but is instead John Sessions that is in the picture.  https://en.wikipedia.org/wiki/John_Sessions"
2021253298695643497,2021030103388758218,CURRENTLY_RATED_NOT_HELPFUL,,179,1,0.4,unknown,egyptianstreets.com,0.9,0,0.1,,,"","Aditional Context: This photo is from November 2025.  https://egyptianstreets.com/2025/11/03/danish-foreign-minister-gifts-lego-pyramid-to-celebrate-grand-egyptian-museum-opening/"
2014148461210345845,2013968696872472907,CURRENTLY_RATED_NOT_HELPFUL,,260,1,0.4,unknown,google.com,0.4,0.5,0.2,,,"","Nnn, the poster says pc monitor, where he is calling a monitor a pc monitor, he does not say anything computers versus consoles hes comparing the screen types   https://www.google.com/search?q=pc+monitor&amp;ie=UTF-8&amp;oe=UTF-8&amp;hl=en-us&amp;client=safari"
1903902711520895364,1903453858312974791,CURRENTLY_RATED_NOT_HELPFUL,,206,1,0.6,medium,pt.wikipedia.org,0.8,0.7,0.8,,,"","João Goulart foi um político de esquerda e era o presidente do Brasil em 1962, quando a seleção conquistou seu bicampeonato da copa do mundo.     https://pt.wikipedia.org/wiki/Lista_de_presidentes_do_Brasil"
1696522054613532940,1696390116749582413,CURRENTLY_RATED_NOT_HELPFUL,,24,0,0.5,unknown,,0.8,0,0.1,,,"","Elon musk plays fortnite"
1956422537308782828,1952037754067394956,CURRENTLY_RATED_NOT_HELPFUL,,319,1,0.9,high,newyorker.com,0.8,0.3,0.8,,,"","NNN Whether you find @dstfelix 's past posts humorous or not, they are not relevant to the New Yorker's tweet about an interview with Sidney Sweeny- especially when dstfelix was neither the subject nor the interviewer.    https://www.newyorker.com/culture/critics-notebook/the-banal-provocation-of-sydney-sweeneys-jeans"